scorer,,,ymc,ymc,ymc,ymc,ymc,ymc,ymc,ymc,ymc,ymc,ymc,ymc,ymc,ymc,ymc,ymc,ymc,ymc
bodyparts,,,leg1,leg1,leg2,leg2,leg3,leg3,leg4,leg4,leg5,leg5,leg6,leg6,head,head,tail,tail,prob,prob
coords,,,x,y,x,y,x,y,x,y,x,y,x,y,x,y,x,y,x,y
labeled-data,video2,1.jpg,1080.8359,1088.5416,,,709.5406,1251.5114,993.0996,1165.6724,902.4885,1225.6093,594.4953,1253.2267,740.4186,1162.6397,916.8726,1057.0,,
labeled-data,video2,2.jpg,801.0948,1223.3708,662.855,941.5475,520.7652,912.6536,834.8746,1198.8517,679.8013,1271.4398,541.5216,1180.0304,553.2647,1081.8901,792.3177,1094.3284,,
labeled-data,video2,3.jpg,,,649.2391,936.7046,,,936.6485,1197.0461,677.6203,1266.7008,588.719,1252.2647,602.5735,1124.3355,849.0337,1092.5562,,
labeled-data,video2,4.jpg,,,924.5092,861.7551,743.1091,905.0857,1111.315,1058.0513,896.3701,1182.1709,697.889,1195.0185,781.0,1065.7092,1017.518,1026.3892,,
labeled-data,video2,5.jpg,1089.7614,339.9735,958.8795,501.4316,949.9065,684.422,1219.134,430.4811,1244.4301,690.6503,1177.8218,748.4862,1077.763,699.6908,1146.8377,457.4991,,
labeled-data,video2,6.jpg,,,795.4921,366.1066,926.0369,552.2328,,,1163.299,353.1145,1137.7178,454.2849,1031.0262,499.3819,978.5634,275.0,,
labeled-data,video2,7.jpg,618.2909,130.9548,687.5285,393.63,786.1338,446.3315,715.7553,98.934,869.0814,140.319,999.3161,281.1006,888.2759,357.6434,723.0681,177.6441,,
labeled-data,video2,8.jpg,537.794,118.2106,400.1441,353.0349,581.6349,467.9137,663.7825,114.0679,734.8647,150.6548,802.6115,428.4749,659.7321,426.638,614.5985,182.6018,,
labeled-data,video2,9.jpg,709.9601,131.8266,477.033,202.9888,528.4687,421.7547,819.7572,116.2026,847.1918,199.3217,804.0355,427.5283,656.881,375.7996,745.4059,154.4482,,
labeled-data,video2,10.jpg,711.8866,106.7609,514.2582,114.5291,535.2066,412.7597,829.6943,123.2549,841.8992,199.1541,804.3436,429.7647,658.8022,341.1069,737.6999,193.5978,,
labeled-data,video2,11.jpg,1049.8387,226.4126,755.563,103.5334,718.4499,104.0442,1042.0188,251.3152,,,787.3891,393.4366,738.6285,191.4423,944.0711,295.8131,,
labeled-data,video2,12.jpg,1243.8375,528.832,1153.1754,335.2328,1050.6077,244.6772,1173.1274,379.1309,1170.2003,362.5367,831.1229,357.0717,987.691,344.358,1150.0602,520.9642,,
labeled-data,video2,13.jpg,1258.9154,728.7563,,,1082.4561,250.3121,1260.0754,604.0651,930.0145,478.9322,947.7268,376.4663,1068.8335,340.9688,1066.0147,560.9581,,
labeled-data,video2,14.jpg,1231.4272,852.2684,1253.9685,690.0833,1174.2415,387.7166,1154.5377,875.0732,1006.7698,760.2007,954.3725,484.1621,1125.6851,510.5802,1137.1489,742.287,,
labeled-data,video2,15.jpg,,,1049.9408,1064.7249,1035.0381,1005.6911,645.0506,1087.714,724.3164,807.8278,848.7102,803.813,952.1389,903.9827,800.7355,1071.6726,,
labeled-data,video2,16.jpg,107.2232,834.9963,284.1161,1076.5707,,,198.4741,659.5972,371.6074,658.6122,489.3178,806.4904,437.5947,916.164,234.7137,825.5235,,
labeled-data,video2,17.jpg,150.0881,456.4435,106.0947,685.9123,228.6563,765.4111,309.8087,396.1752,452.7386,462.4759,438.9199,727.6262,330.7327,721.0,243.8869,516.8404,,
labeled-data,video2,18.jpg,470.2366,142.6192,278.5258,253.4377,255.7184,396.0693,,,651.7757,357.1913,467.6237,521.489,398.4888,415.9335,519.6356,220.2537,,
labeled-data,video2,19.jpg,940.5988,192.2469,705.4318,112.1249,599.8169,212.2766,973.8118,322.0668,821.0329,511.3528,622.9084,447.5454,638.1813,321.7914,867.2805,287.9294,,
labeled-data,video2,20.jpg,1120.2306,379.9048,1053.5616,238.5752,878.8053,259.2107,1199.8699,488.5523,1044.7711,574.4485,829.9217,502.3388,882.9419,402.4381,1062.5323,442.0924,,
labeled-data,video2,21.jpg,,,1022.0841,228.8271,759.97,275.2005,1205.3802,451.6029,1001.241,648.9269,831.2073,498.4433,842.479,399.1708,1077.1944,431.1004,,
labeled-data,video2,22.jpg,1174.4143,905.4729,1228.6778,774.9177,1132.8325,604.7142,1014.2761,1012.9291,905.0584,874.3247,911.1468,643.9909,1018.8049,668.6062,1070.3071,911.1122,,
labeled-data,video2,23.jpg,799.5427,1239.7433,907.5821,1172.941,973.1541,975.8846,622.6651,1219.0648,661.9486,1066.0591,701.3962,891.4099,847.3135,971.5975,742.9011,1130.5495,,
labeled-data,video2,24.jpg,359.903,1141.1461,466.2393,1173.6964,674.189,1138.4151,272.7151,928.176,453.0878,863.0967,628.5998,865.3953,639.6353,1033.376,417.3659,1016.8225,,
labeled-data,video2,25.jpg,182.3861,826.4127,252.781,994.4726,411.7258,990.5381,157.0141,697.6374,385.9456,674.3064,528.7524,821.9965,453.5042,899.6392,260.154,800.6557,,
labeled-data,video2,26.jpg,,,124.1442,725.3062,259.0366,808.3856,163.0913,412.0359,458.0802,482.4296,419.484,599.6749,339.7726,706.3851,192.2075,528.5591,137.7554,464.6704
labeled-data,video2,27.jpg,220.3569,317.2533,163.818,450.453,231.4857,629.6889,361.862,252.1281,511.7971,406.5256,436.1281,597.1776,348.1381,562.318,336.9645,338.2002,,
labeled-data,video2,28.jpg,264.0311,277.4525,161.1089,455.4095,237.0851,620.4815,365.7072,245.9472,504.2453,407.4428,434.1214,595.1434,347.5396,567.0987,338.7032,344.8528,,
labeled-data,video2,29.jpg,271.4586,282.4095,166.9171,446.7199,237.2736,623.8263,361.8812,246.8825,504.4357,404.3633,441.5487,600.097,336.4864,564.8206,341.3072,349.0,,
labeled-data,video2,30.jpg,271.455,282.4058,166.9122,446.7128,237.2799,623.8231,361.8889,246.8874,504.4385,404.362,441.5483,600.0974,336.4858,564.8205,341.3018,349.0,,
labeled-data,video2,31.jpg,271.4599,282.409,166.9188,446.7152,237.2726,623.8207,361.8841,246.8807,504.4328,404.3644,441.5403,600.0954,336.4827,564.8286,341.3008,349.0,,
labeled-data,video2,32.jpg,271.4598,282.401,166.9108,446.7195,237.2714,623.8238,361.8863,246.8808,504.4371,404.3611,441.5444,600.0961,336.4895,564.8285,341.3031,349.0,,
labeled-data,video2,33.jpg,271.4551,282.4062,166.9185,446.7186,237.2764,623.8248,361.8881,246.885,504.4343,404.3674,441.5491,600.0964,336.4863,564.8275,341.3035,349.0,330.9457,278.2438
labeled-data,video2,34.jpg,272.2562,283.2017,167.7166,447.5143,238.0815,624.6207,362.6822,247.6892,505.2421,405.1697,442.3424,600.8914,337.2891,565.622,342.1089,349.8044,,
labeled-data,video2,35.jpg,267.8432,283.6199,163.3067,447.9136,233.6636,625.0321,358.2752,248.0819,500.8212,405.5742,437.9368,601.3013,332.8775,566.0228,337.6937,350.2079,327.3383,279.4406
labeled-data,video2,36.jpg,271.4583,282.4021,166.9134,446.7178,237.2797,623.829,365.0934,246.8822,504.435,404.3644,441.5405,600.0934,336.4864,564.8232,341.3022,349.0,,
labeled-data,video2,37.jpg,271.4566,282.4012,166.9148,446.7151,237.2745,623.8214,361.8812,246.8809,504.4321,404.3631,441.5499,600.0901,336.489,564.821,341.3005,349.0,324.5281,252.5595
labeled-data,video2,38.jpg,265.8909,277.3803,165.207,452.2795,232.6837,620.7245,363.0644,250.5291,505.6266,407.0444,433.0941,597.9667,340.5523,568.4657,343.4509,342.0468,,
labeled-data,video2,39.jpg,271.5186,278.5934,166.0166,452.5386,231.5674,622.9005,363.8783,244.0323,503.5301,405.3787,432.936,595.3297,340.4064,564.8686,342.331,344.2365,,
labeled-data,video2,40.jpg,272.9683,279.0849,167.452,453.0198,233.0,623.3989,365.3149,244.5164,504.9841,405.8518,434.3854,595.8034,341.8465,565.3477,343.7776,344.7144,,
labeled-data,video2,41.jpg,271.5119,278.5992,166.0148,452.5377,231.5622,622.9042,363.8759,244.0385,503.531,405.3791,432.9314,595.3237,340.406,564.8666,342.3332,344.2366,324.2645,250.3558
labeled-data,video2,42.jpg,271.5169,278.597,166.0125,452.5375,231.5646,622.9019,363.8786,244.0316,503.534,405.3755,432.9329,595.3209,340.4089,564.8663,342.333,344.2331,,
labeled-data,video2,43.jpg,271.5126,278.5925,166.0167,452.534,231.5615,622.9021,363.8723,244.0366,503.5393,405.3779,432.9385,595.3274,340.4083,564.8617,342.3374,344.2343,,
labeled-data,video2,44.jpg,271.5158,278.5975,166.0133,452.5327,231.5626,622.9021,363.8749,244.0375,503.5328,405.3743,432.9363,595.3212,340.4016,564.8659,342.3353,344.2307,,
labeled-data,video2,45.jpg,271.5177,278.5915,166.0169,452.5318,231.5613,622.9041,363.8756,244.0373,503.5378,405.3726,432.934,595.3269,340.4086,564.8603,342.3395,344.2321,323.3069,236.8706
labeled-data,video2,46.jpg,271.5148,278.5989,166.0161,452.5315,231.562,622.9045,363.8777,244.0314,503.5394,405.3706,432.9392,595.3216,340.4079,564.864,342.3302,344.2329,,
labeled-data,video2,47.jpg,271.5165,278.5935,166.0192,452.5317,231.5681,622.9078,363.8726,244.0312,503.5378,405.3777,432.9388,595.3203,340.4042,564.8671,342.3306,344.2313,,
labeled-data,video2,48.jpg,271.5127,278.5992,166.0122,452.5392,231.5638,622.9026,363.8768,244.0381,503.5351,405.3788,432.9325,595.326,340.4082,564.8622,342.3391,344.2384,,
labeled-data,video2,49.jpg,271.5181,278.5933,166.0181,452.5393,231.5627,622.9075,363.8713,244.0367,503.5366,405.3754,432.9305,595.3231,340.4071,564.8653,342.3314,344.2395,322.3352,236.8786
labeled-data,video2,50.jpg,271.5194,278.5948,166.0169,452.5328,231.562,622.9086,363.877,244.03,503.5391,405.3776,432.9338,595.3255,340.4004,564.8604,342.3347,344.2366,,
labeled-data,video2,51.jpg,271.5114,278.5938,166.0142,452.5366,231.5606,622.903,363.8742,244.0368,503.5337,405.37,432.9312,595.3283,340.4043,564.8629,342.3312,344.2363,,
labeled-data,video2,52.jpg,271.5179,278.5979,166.0149,452.5399,231.562,622.9017,363.8743,244.0379,503.5319,405.3733,432.9318,595.321,340.4011,564.8617,342.3358,344.2338,,
labeled-data,video2,53.jpg,271.514,278.5913,166.0101,452.5394,231.5612,622.9026,363.8786,244.0385,503.5313,405.3765,432.9397,595.3208,340.4072,564.8684,342.3319,344.2394,324.2688,233.9883
labeled-data,video2,54.jpg,271.511,278.598,166.0146,452.5349,231.563,622.9036,363.8729,244.0399,503.5351,405.3745,432.9386,595.3208,340.4044,564.8694,342.339,344.238,,
labeled-data,video2,55.jpg,271.5184,278.5929,166.0155,452.531,231.5681,622.9036,363.8771,244.0397,503.5349,405.3731,432.9333,595.3281,340.4048,564.8636,342.3325,344.2329,,
labeled-data,video2,56.jpg,271.5157,278.5932,166.0106,452.5349,231.5664,622.9076,363.8764,244.0301,503.5321,405.3786,432.9352,595.3242,340.4089,564.8608,342.3389,344.2303,322.3305,247.4619
labeled-data,video2,57.jpg,271.5184,278.5904,166.0133,452.5321,231.561,622.9091,363.8756,244.0378,503.5332,405.3775,432.9359,595.3203,340.4018,564.8677,342.335,344.2367,,
labeled-data,video2,58.jpg,271.5157,278.5909,166.0192,452.54,231.5628,622.9077,363.8768,244.0395,503.5307,405.3729,432.9344,595.3251,340.4044,564.8685,342.331,344.2384,,
labeled-data,video2,59.jpg,271.5181,278.5933,166.0198,452.5331,231.5658,622.9062,363.8795,244.0333,503.5382,405.3752,432.9309,595.3242,340.4093,564.8609,342.3301,344.2321,,
labeled-data,video2,60.jpg,271.5132,278.5925,166.0143,452.534,231.5671,622.9095,363.874,244.03,503.5338,405.3754,432.9316,595.3263,340.4087,564.8619,342.3313,344.2396,323.3082,241.6946
labeled-data,video2,61.jpg,271.5129,278.5924,166.0179,452.5326,231.5613,622.9016,363.8704,244.0323,503.53,405.3779,432.9312,595.3263,340.4026,564.869,342.3387,344.2356,,
labeled-data,video2,62.jpg,271.5124,278.5991,166.0127,452.5371,231.5687,622.9071,363.8757,244.0352,503.5368,405.3724,432.9362,595.3206,340.4034,564.8675,342.3363,344.2316,,
labeled-data,video2,63.jpg,271.5145,278.592,166.0122,452.5311,231.5682,622.9014,363.8773,244.039,503.5361,405.378,432.9311,595.3241,340.4049,564.8654,342.3363,344.2389,322.3341,239.7671
labeled-data,video2,64.jpg,271.5112,278.5957,166.011,452.536,231.5603,622.9002,363.872,244.0384,503.5335,405.3701,432.9361,595.3224,340.4074,564.8603,342.3318,344.2316,325.2255,246.5026
labeled-data,video2,65.jpg,271.5138,278.5966,166.0146,452.5384,231.568,622.9001,363.8762,244.036,503.5374,405.3748,432.9339,595.3287,340.4091,564.8662,342.3309,344.236,,
labeled-data,video2,66.jpg,271.5198,278.5959,166.0185,452.5329,231.5604,622.9095,363.8741,244.0338,503.5303,405.3744,432.9305,595.3222,340.4064,564.8612,342.3367,344.2369,,
labeled-data,video2,67.jpg,272.9628,281.9656,167.4576,455.9085,233.0,626.2851,365.32,247.41,504.9859,408.7439,434.3887,598.6915,341.8436,568.2351,343.7724,347.6013,320.8923,236.3998
labeled-data,video2,68.jpg,271.5107,278.5925,166.0102,452.5327,231.5635,622.9026,363.8747,244.0354,503.5366,405.3795,432.9379,595.3256,340.4086,564.8632,342.3397,344.2313,,
labeled-data,video2,69.jpg,271.516,278.5968,166.0179,452.5358,231.5696,622.9069,363.8783,244.0388,503.5392,405.3701,432.9378,595.3247,340.4088,564.8679,342.3355,344.2329,,
labeled-data,video2,70.jpg,271.5146,278.5976,166.0168,452.5337,231.5622,622.9039,363.8725,244.0348,503.5363,405.3766,432.9333,595.3283,340.4044,564.8611,342.3373,344.2372,,
labeled-data,video2,71.jpg,271.5128,278.5989,166.0124,452.5346,231.5621,622.9013,363.8787,244.0374,503.5382,405.3718,432.9335,595.3232,340.4076,564.8661,342.331,344.235,318.4816,240.7253
labeled-data,video2,72.jpg,271.5112,278.59,166.0163,452.5387,231.5633,622.9039,363.8735,244.0359,503.5342,405.3759,432.931,595.3245,340.4082,564.8648,342.3335,344.233,,
labeled-data,video2,73.jpg,271.5183,278.5984,166.0114,452.5354,231.5643,622.9041,363.8753,244.0347,503.5315,405.3767,432.9369,595.321,340.4098,564.8675,342.3396,344.2317,,
labeled-data,video2,74.jpg,310.0193,247.8039,164.0371,451.7222,247.1269,598.7214,,,507.468,408.5964,430.969,589.8653,328.1125,561.7354,360.27,340.9781,353.6451,239.8029
labeled-data,video2,75.jpg,541.2853,221.3265,386.8534,199.7663,287.754,427.4523,687.369,229.4263,638.0268,462.6882,430.9834,588.322,401.493,454.5454,572.779,294.6105,,
labeled-data,video2,76.jpg,863.8764,140.3894,748.3413,121.6799,574.2721,217.3339,995.7056,247.2216,873.9459,377.7584,602.6148,467.4337,629.497,313.8537,838.6923,233.7187,,
labeled-data,video2,77.jpg,1130.4409,310.9148,946.1022,189.4676,821.3929,220.6216,1175.2157,413.2695,1024.5895,542.1915,796.5957,481.1939,839.6089,357.0857,1044.2228,389.4931,1165.1144,364.6955
labeled-data,video2,78.jpg,1070.6382,237.9979,945.0771,171.3679,750.4786,250.932,1115.3859,334.573,1018.8106,533.1149,792.586,478.4502,776.2563,370.6964,964.4393,329.6311,,
labeled-data,video2,79.jpg,1255.6358,567.7875,1164.8241,351.6583,1019.5943,309.2765,,,1024.2194,675.9703,864.0448,512.5778,963.5697,422.4306,1136.1155,563.6722,,
labeled-data,video2,80.jpg,746.0155,763.6433,972.4499,659.8573,1036.6003,455.2546,651.7807,687.7442,698.7921,526.0743,777.536,349.5721,876.4351,464.2089,757.607,658.1085,,
labeled-data,video2,81.jpg,,,669.107,1145.4988,705.7563,957.3363,386.3545,1155.292,364.6747,902.5488,484.4128,860.6946,596.4467,920.0866,478.3107,1136.5454,,
labeled-data,video2,82.jpg,265.5754,1004.6879,493.5261,1070.8788,666.7316,963.812,299.4922,853.1326,393.8366,766.0204,579.759,777.7855,587.1838,882.9648,358.4083,938.2084,,
labeled-data,video2,83.jpg,205.8804,959.0799,439.6105,1020.6378,537.7165,988.696,216.6939,834.1005,322.5976,721.5665,524.6911,746.0399,528.6515,885.8965,304.5055,904.1478,222.4321,901.2594
labeled-data,video2,84.jpg,172.0954,386.0826,111.532,611.9308,232.9212,686.136,251.9992,318.7342,463.2347,406.4539,441.9466,662.913,329.9689,658.1672,251.3115,437.4137,205.8018,342.3419
labeled-data,video2,85.jpg,283.0623,245.5225,135.3394,459.9464,248.268,544.6358,431.8187,195.6902,539.1192,343.3615,468.1837,567.6554,332.5228,527.1234,372.4668,369.885,,
labeled-data,video2,86.jpg,396.2341,167.6916,228.2664,307.9517,246.8275,544.8194,497.7948,128.4692,535.7499,342.5877,541.8603,492.7292,340.7108,449.2966,457.7006,315.1704,,
labeled-data,video2,87.jpg,382.7909,250.4234,158.0144,397.4396,253.6146,537.9866,450.6589,150.5248,532.912,346.3456,543.8402,494.557,319.5823,489.6562,421.1548,340.1216,,
labeled-data,video2,88.jpg,138.2863,763.089,301.3219,793.7156,450.0348,702.0393,106.1346,543.3442,141.2507,440.3192,399.182,398.5017,399.8671,521.0641,185.8296,633.4322,,
labeled-data,video2,89.jpg,210.1725,769.8911,307.54,769.5252,546.1983,565.6283,120.3835,715.327,146.6458,421.1407,395.1226,392.2657,415.8737,498.0,237.6841,648.2577,,
labeled-data,video2,90.jpg,390.8676,1106.8608,497.0566,905.1792,436.1051,653.1429,254.0231,1036.1674,119.1991,799.4943,189.4189,743.6558,308.9981,738.8772,319.2059,991.9451,326.8426,1084.2906
labeled-data,video2,91.jpg,785.2007,1189.9018,754.8933,992.4457,568.3848,849.6614,777.2443,1238.3264,489.9015,1208.3772,422.4974,1097.7458,507.4435,993.0,702.154,1121.3115,,
labeled-data,video2,92.jpg,,,1045.4472,669.2318,870.6784,810.5207,1252.212,787.7369,1109.9016,1040.9309,1038.1836,969.7093,948.8031,920.4423,1141.1968,801.0661,,
labeled-data,video2,93.jpg,1082.388,307.1653,974.7124,514.6362,910.0332,617.8517,1205.6713,418.0904,1178.8389,575.7068,1111.7556,763.6054,1027.5868,680.2394,1117.0,464.8514,,
labeled-data,video2,94.jpg,,,878.6044,414.454,900.7637,618.6659,1086.8564,330.471,1198.981,439.9122,1128.0728,645.7157,1013.6203,633.0437,1019.0457,428.6213,,
labeled-data,video2,95.jpg,908.3688,240.1882,786.8547,382.7267,826.6711,549.9555,957.5978,180.4465,1105.1648,337.6773,1087.3803,534.8539,983.1205,549.1007,941.1406,311.0202,,
labeled-data,video2,96.jpg,931.7489,195.8177,788.5559,308.3523,836.4095,550.1114,940.0,192.2903,1103.9941,329.936,1083.7613,535.8058,945.351,522.9819,957.5566,302.8499,,
labeled-data,video2,97.jpg,949.5718,185.3379,780.7776,300.1615,832.4804,539.0472,950.5383,185.5211,1122.0346,328.5793,1084.0818,536.6449,986.3141,539.0109,955.318,303.0594,,
labeled-data,video2,98.jpg,915.3592,201.4226,779.1941,298.71,840.7971,541.2317,,,1112.066,329.9878,1088.1766,536.4245,951.3479,518.8387,954.5141,304.2221,950.3452,204.1153
labeled-data,video2,99.jpg,915.4456,220.8104,778.0539,298.4286,838.2749,541.6257,953.6687,224.9389,1101.3819,334.0584,1086.6489,536.7501,1053.2224,508.5442,978.9217,278.5081,,
labeled-data,video2,100.jpg,917.9441,228.2066,782.9738,296.174,841.5887,533.7572,962.5993,223.493,1101.4801,335.8242,1087.5479,529.6937,951.403,522.3588,955.7592,307.5509,,
labeled-data,video2,101.jpg,917.9491,228.2024,782.9788,300.9976,841.5852,533.756,955.375,223.492,1101.4846,335.8271,1087.5481,529.6945,951.4097,522.3523,956.5585,304.3496,,
labeled-data,video2,102.jpg,916.3329,228.5505,794.2029,309.3658,843.1876,533.3011,,,1087.0334,335.3757,1082.7241,533.259,951.4099,520.2903,956.5576,302.2836,953.0457,223.4169
labeled-data,video2,103.jpg,914.7328,243.8031,781.3665,302.15,846.3948,532.5016,,,1104.6848,333.7602,1088.3449,538.0777,953.8064,521.9023,958.1627,303.8981,,
labeled-data,video2,104.jpg,917.9418,245.401,780.5606,302.9471,848.0,529.2993,,,1101.4785,335.3785,1083.5244,533.2578,955.415,524.3044,960.5608,306.3009,,
labeled-data,video2,105.jpg,915.5396,238.9894,781.3636,295.7262,847.1926,532.5088,956.1711,224.6433,1098.2678,338.5817,1082.7276,532.4519,948.9943,517.0884,955.7512,301.4865,,
labeled-data,video2,106.jpg,913.1289,242.1932,789.395,305.358,848.8016,524.4751,,,1104.6883,336.1727,1085.9385,530.8406,952.2011,521.8924,954.9476,303.8905,951.4371,197.7358
labeled-data,video2,107.jpg,936.4052,264.669,803.0334,314.981,841.5866,534.9006,,,1087.0313,338.5821,1081.9255,530.8426,954.6114,522.7065,956.5552,305.4975,,
labeled-data,video2,108.jpg,937.6039,271.8918,781.769,302.9458,843.5864,533.3001,,,1089.0334,336.9708,1083.9343,529.2403,956.611,521.091,958.5625,303.893,,
labeled-data,video2,109.jpg,852.5365,230.1535,779.3622,458.6434,848.4051,533.3009,958.1769,225.4435,1093.8506,336.1706,1082.3202,533.2518,962.2305,525.1051,956.9584,307.9054,,
labeled-data,video2,110.jpg,787.538,278.314,,,898.962,625.5968,,,1110.7046,418.8317,,,970.2547,534.7455,964.9844,295.0655,949.4327,202.5439
labeled-data,video2,111.jpg,805.1897,277.9178,,,,,,,1113.1132,423.2553,,,974.2707,525.5194,963.3769,289.8427,,
labeled-data,video2,112.jpg,787.534,276.3025,890.1135,525.6527,,,,,1111.5051,420.0442,,,998.3439,523.1071,957.7549,278.6176,,
labeled-data,video2,113.jpg,790.7482,281.9238,891.7167,519.2331,,,,,1112.314,419.2397,,,1001.5647,517.4844,956.1512,277.0,936.5898,219.8087
labeled-data,video2,114.jpg,785.1275,279.5127,906.1689,559.3697,911.8028,561.7925,,,1115.5292,420.0421,,,999.9516,523.1029,958.5673,281.0233,934.1895,190.9133
labeled-data,video2,115.jpg,784.33,278.7107,,,,,,,1111.5101,418.4355,,,1002.3629,521.4948,954.5598,278.616,,
labeled-data,video2,116.jpg,790.7463,283.9348,,,1024.97,544.5475,,,1106.6972,414.0292,1024.5453,546.0933,995.1469,516.2881,955.3531,282.225,,
labeled-data,video2,117.jpg,782.7147,278.7171,809.0514,440.5816,,,,,1105.8988,414.4236,,,1001.5506,518.285,950.5389,280.2132,,
labeled-data,video2,118.jpg,818.0274,284.3376,809.0502,448.6005,890.935,520.8643,,,1113.1162,424.0541,,,1002.365,519.8909,954.5513,279.4134,926.1542,180.4857
labeled-data,video2,119.jpg,820.4317,278.7196,809.8508,434.9624,862.8494,532.904,,,1110.7061,416.8334,,,1001.5547,513.4777,958.5658,285.0313,,
labeled-data,video2,120.jpg,819.6384,286.7372,813.8744,442.9938,870.0771,515.2421,,,1113.1111,420.8416,,,998.3445,512.6774,954.5581,286.63,,
labeled-data,video2,121.jpg,824.4479,280.3246,809.0556,442.1887,877.2995,508.0235,,,1109.9025,420.0426,,,997.5417,514.2709,952.1498,285.8386,,
labeled-data,video2,122.jpg,823.6339,284.8797,806.3275,442.8041,883.503,497.6606,,,1107.6186,424.2766,,,993.6308,511.2083,955.6901,283.4536,,
labeled-data,video2,123.jpg,823.6347,284.8771,806.3259,442.8022,883.5053,497.6653,,,1107.6139,424.2792,,,993.6319,511.2094,955.6991,283.4576,,
labeled-data,video2,124.jpg,823.6388,284.8714,806.3207,442.8099,883.5003,497.6607,,,1107.6136,424.2797,,,993.6358,511.2067,955.6968,283.4577,,
labeled-data,video2,125.jpg,823.6393,284.8761,806.3266,442.8065,883.5032,497.6636,,,1107.6192,424.2714,,,993.6348,511.2073,955.6972,283.4538,,
labeled-data,video2,126.jpg,823.6308,284.8767,806.3243,442.8075,883.5001,497.6628,,,1107.6115,424.2724,,,993.6351,511.2066,955.6977,283.4547,926.3389,196.173
labeled-data,video2,127.jpg,823.6313,284.8753,806.3229,442.8035,883.5095,497.6674,,,1107.613,424.2709,,,993.6364,511.2005,955.6995,283.4599,,
labeled-data,video2,128.jpg,843.4146,288.5776,818.59,432.3974,874.4605,544.1952,,,1111.9844,420.4924,1092.2197,511.9021,997.3554,516.9033,954.6375,292.2125,,
labeled-data,video2,129.jpg,844.358,295.3174,816.8687,438.4628,887.4417,576.3562,,,1113.5958,425.2287,1090.4897,512.6226,1006.3245,517.6266,954.9164,302.2968,,
labeled-data,video2,130.jpg,841.0,302.0,806.838,441.1322,893.4617,551.606,,,1113.595,420.5482,1079.1161,504.5972,1000.3044,522.3051,958.2566,301.6212,,
labeled-data,video2,131.jpg,843.6851,293.9731,810.1773,439.8001,850.658,535.5562,,,1109.5846,427.2301,1081.7978,508.6171,1002.9852,523.649,960.9377,299.6276,929.6399,225.8736
labeled-data,video2,132.jpg,845.0286,294.6478,808.1758,441.8022,848.6536,533.5493,,,1108.9129,419.8739,1088.4701,508.6124,1001.6458,524.3134,961.6061,301.6248,,
labeled-data,video2,133.jpg,843.9743,294.5273,820.0826,436.4577,857.7497,531.8371,,,1109.7409,417.6238,,,1001.0137,520.1449,963.0298,296.7657,,
labeled-data,video2,134.jpg,843.98,294.5276,820.0838,436.4586,869.7891,522.2047,,,1109.7421,417.621,,,1001.0191,520.1453,963.024,296.7652,,
labeled-data,video2,135.jpg,843.9778,294.5207,820.0888,436.4591,848.9252,542.265,,,1109.7454,417.6204,,,1001.0168,520.1496,963.0249,296.7616,,
labeled-data,video2,136.jpg,843.9701,294.5299,820.0819,436.4544,869.7877,520.6053,,,1109.7444,417.6272,,,1001.0141,520.1452,963.0205,296.763,932.6961,213.8154
labeled-data,video2,137.jpg,843.9793,294.5251,820.0827,436.4508,876.2052,522.2014,,,1109.7413,417.6283,,,1001.0166,520.1469,963.0274,296.7699,,
labeled-data,video2,138.jpg,843.9771,294.5259,820.0841,436.4576,868.9872,524.2144,,,1109.7453,417.623,,,1001.0183,520.1463,963.0267,296.7608,,
labeled-data,video2,139.jpg,843.9771,294.5209,820.0823,436.4546,861.7627,526.2163,,,1109.7461,417.6233,,,1001.0188,520.1429,963.0222,296.7668,,
labeled-data,video2,140.jpg,843.9722,294.5246,820.0847,436.4537,869.7876,517.3998,,,1109.7498,417.6255,,,1001.0122,520.1496,963.0241,296.7679,,
labeled-data,video2,141.jpg,843.9747,294.5252,820.0825,436.4507,869.7843,518.998,,,1109.7471,417.6212,,,1001.0148,520.1425,963.024,296.7608,,
labeled-data,video2,142.jpg,843.9774,294.5272,820.0829,436.4582,878.6126,508.5614,,,1109.7486,417.6205,,,1001.0118,520.1446,963.0233,296.769,,
labeled-data,video2,143.jpg,843.9764,294.5245,820.0831,436.4557,869.7837,547.8848,,,1109.7439,417.622,,,1001.0194,520.1474,963.022,296.7661,921.4564,199.3648
labeled-data,video2,144.jpg,843.9721,294.5203,820.0885,436.454,869.7891,547.8836,,,1109.7445,417.6234,,,1001.0141,520.1403,963.0221,296.7673,,
labeled-data,video2,145.jpg,843.9726,294.527,820.0838,436.451,869.7828,547.8871,,,1109.7418,417.6229,,,1001.0148,520.1457,963.0222,296.7628,,
labeled-data,video2,146.jpg,843.9734,294.5235,820.083,436.4574,855.3431,547.0897,,,1109.7463,417.6295,,,1001.0156,520.1496,963.0282,296.7614,,
labeled-data,video2,147.jpg,843.9712,294.5276,820.0835,436.4592,864.9729,540.665,,,1109.7478,417.6272,,,1001.0164,520.141,963.0288,296.7654,,
labeled-data,video2,148.jpg,843.9768,294.5242,820.089,436.4584,877.8146,526.2146,,,1109.7451,417.6228,,,1001.0183,520.1404,963.0298,296.7682,,
labeled-data,video2,149.jpg,843.9793,294.525,820.0865,436.4527,862.5628,552.7033,,,1109.7487,417.6236,,,1001.0199,520.1495,963.0228,296.7659,,
labeled-data,video2,150.jpg,843.9751,294.5225,820.0844,436.4513,878.6128,527.829,,,1109.7423,417.6212,,,1001.0141,520.1462,963.0229,296.76,923.8658,199.3626
labeled-data,video2,151.jpg,843.9783,294.5217,820.0805,436.454,878.6171,527.8205,,,1109.7464,417.6205,,,1001.0185,520.1455,963.0211,296.7657,,
labeled-data,video2,152.jpg,843.9711,294.5256,820.0864,436.4527,878.6108,527.8225,,,1109.7429,417.6222,,,1001.0188,520.145,963.0283,296.7683,,
labeled-data,video2,153.jpg,852.8002,301.7469,820.0864,436.456,879.4212,527.0225,,,1109.7418,417.6239,,,1001.0144,520.1416,963.0286,296.7671,,
labeled-data,video2,154.jpg,854.0,303.3444,820.0888,436.4587,885.0322,527.8206,,,1109.7425,417.6252,,,1001.0128,520.1411,963.0282,296.7642,,
labeled-data,video2,155.jpg,855.2173,304.9551,820.0838,436.4516,881.0215,518.1914,,,1109.7492,417.6273,,,1001.0148,520.1419,963.0266,296.7658,,
labeled-data,video2,156.jpg,856.4179,306.5565,820.0866,436.4523,886.6461,521.4083,,,1109.7484,417.6286,,,1001.015,520.1413,963.0225,296.7652,,
labeled-data,video2,157.jpg,857.6125,308.1634,820.0845,436.451,883.4308,518.9918,,,1109.7421,417.621,,,1001.0163,520.1491,963.0214,296.7697,,
labeled-data,video2,158.jpg,857.6157,308.1614,820.0848,436.4594,883.4331,518.9923,,,1109.7437,417.6295,,,1001.02,520.1441,963.0286,296.7674,,
labeled-data,video2,159.jpg,857.6191,308.1675,820.0857,436.4555,883.4353,518.997,,,1109.7429,417.6213,,,1001.0178,520.143,963.0217,296.7615,924.6654,220.2303
labeled-data,video2,160.jpg,857.6162,308.1624,820.0892,436.4585,883.4396,518.9972,,,1109.7453,417.6264,,,1001.0128,520.1412,963.0201,296.7624,,
labeled-data,video2,161.jpg,857.6101,308.1615,820.0859,436.4569,883.4355,518.9943,,,1109.7484,417.63,,,1001.0169,520.1488,963.0267,296.7633,,
labeled-data,video2,162.jpg,857.612,308.1668,820.085,436.4576,883.4347,518.9961,,,1109.7498,417.6264,,,1001.0159,520.1469,963.0253,296.7629,,
labeled-data,video2,163.jpg,857.6126,308.1644,819.3189,436.6292,851.3355,551.0941,,,1109.7444,417.6206,,,1001.0119,520.1495,963.0,296.92,926.2614,219.4351
labeled-data,video2,164.jpg,857.6127,308.1672,818.5552,436.8098,873.0,524.6188,,,1109.747,417.6272,,,1001.0127,520.1426,962.9823,297.0742,,
labeled-data,video2,165.jpg,857.6154,308.1618,817.7884,436.9763,876.2111,524.6134,,,1109.7444,417.6207,,,1001.0151,520.1493,962.9624,297.2369,,
labeled-data,video2,166.jpg,857.6178,308.1629,817.0215,437.1519,879.4259,524.6189,,,1109.7499,417.6209,,,1001.0172,520.1446,962.9472,297.3887,,
labeled-data,video2,167.jpg,857.6161,308.1672,816.252,437.3222,882.6395,523.8196,,,1109.7443,417.6247,,,1001.0194,520.1481,962.9322,297.5365,,
labeled-data,video2,168.jpg,857.6135,308.1672,815.4804,437.5082,857.7544,573.5782,,,1109.7497,417.6216,,,1001.01,520.1444,962.9117,297.6997,,
labeled-data,video2,169.jpg,857.6177,308.166,814.7225,437.68,879.4231,543.8779,,,1109.7445,417.6225,,,1001.0186,520.1468,962.8974,297.8408,,
labeled-data,video2,170.jpg,857.6134,308.1668,813.9592,437.8459,881.0236,542.2799,,,1109.7407,417.6294,,,1001.0133,520.1404,962.8733,297.9918,,
labeled-data,video2,171.jpg,857.6151,308.1699,813.1883,438.0257,885.8497,542.2779,,,1109.7414,417.6253,,,1001.0136,520.1462,962.8524,298.1575,,
labeled-data,video2,172.jpg,857.6102,308.1628,812.4289,438.1948,888.2549,539.8621,,,1109.7466,417.6255,,,1001.0134,520.1407,962.8337,298.3034,,
labeled-data,video2,173.jpg,857.6188,308.1618,811.6533,438.3753,889.855,539.8618,,,1109.744,417.6262,,,1001.0154,520.1457,962.8173,298.469,,
labeled-data,video2,174.jpg,857.6165,308.1676,810.897,438.5492,864.1728,559.9286,,,1109.7452,417.6278,,,1001.0165,520.1448,962.7974,298.6181,,
labeled-data,video2,175.jpg,857.6144,308.1636,810.1287,438.7109,852.1382,546.2815,,,1109.7475,417.6285,,,1001.0161,520.1411,962.7751,298.7694,919.5337,208.833
labeled-data,video2,176.jpg,857.6168,308.1603,809.3593,438.8988,852.7721,545.0,,,1109.7487,417.6266,,,1001.0133,520.1458,962.7566,298.9251,,
labeled-data,video2,177.jpg,857.6117,308.1681,808.5929,439.0692,853.4265,543.716,,,1109.7469,417.6238,,,1001.0119,520.1434,962.733,299.0798,,
labeled-data,video2,178.jpg,857.6108,308.1624,807.8235,439.2486,854.0697,542.4303,,,1109.7476,417.62,,,1001.0148,520.146,962.7164,299.2217,,
labeled-data,video2,179.jpg,857.6169,308.1685,807.8249,439.2404,855.5949,540.7536,,,1109.7486,417.6275,,,1001.0113,520.1416,962.6931,299.382,,
labeled-data,video2,180.jpg,857.6191,308.1658,807.8254,439.2432,857.1254,539.0821,,,1109.7401,417.6227,,,1001.0188,520.1484,962.6847,299.5317,,
labeled-data,video2,181.jpg,857.6102,308.1611,807.823,439.2494,858.6699,537.4127,,,1109.7444,417.6226,,,1001.0156,520.1456,962.6618,299.6908,,
labeled-data,video2,182.jpg,857.618,308.1687,807.8221,439.2466,860.1908,535.7453,,,1109.7446,417.6274,,,1001.0198,520.1429,962.6421,299.8415,,
labeled-data,video2,183.jpg,857.6138,308.1693,807.826,439.2489,838.4572,558.0342,,,1109.7462,417.6207,,,1001.0168,520.1457,962.622,299.9921,922.871,213.86
labeled-data,video2,184.jpg,857.6199,308.1653,807.8289,439.2465,847.9387,548.5654,,,1109.7493,417.6256,,,1001.0168,520.1493,962.6073,300.159,,
labeled-data,video2,185.jpg,857.612,308.1662,807.8208,439.2429,850.1688,544.1019,,,1109.748,417.6255,,,1001.019,520.1453,962.5897,300.3011,,
labeled-data,video2,186.jpg,857.6195,308.1694,807.8282,439.2408,856.2971,548.0,,,1109.7484,417.6261,,,1001.0187,520.1415,962.5619,300.4539,,
labeled-data,video2,187.jpg,857.6189,308.1645,807.8281,439.2443,861.8612,543.5433,,,1109.7408,417.6244,,,1001.0163,520.1481,962.5405,300.6153,,
labeled-data,video2,188.jpg,857.6183,308.1601,807.8243,439.2482,859.0711,541.3167,,,1109.7432,417.6212,,,1001.0165,520.1484,962.5277,300.769,,
labeled-data,video2,189.jpg,857.6132,308.1666,807.8282,439.2411,862.988,537.9798,,,1109.7401,417.6292,,,1001.012,520.1446,962.5042,300.9254,,
labeled-data,video2,190.jpg,857.6137,308.166,807.8286,439.2485,869.1001,531.2802,,,1109.7499,417.621,,,1001.0172,520.1409,962.4831,301.0796,,
labeled-data,video2,191.jpg,857.6112,308.1626,807.8295,439.2471,877.4786,526.8237,,,1109.7405,417.6224,,,1001.0188,520.1484,962.4626,301.225,,
labeled-data,video2,192.jpg,857.613,308.1666,807.8258,439.2469,880.8186,524.6065,,,1109.7472,417.6214,,,1001.013,520.1497,961.3543,301.2275,922.8799,200.4712
labeled-data,video2,193.jpg,857.6174,308.1631,807.8256,439.2467,880.8139,524.6092,,,1109.7454,417.6253,,,1001.0122,520.1417,960.2427,301.2256,,
labeled-data,video2,194.jpg,857.6154,308.1667,807.8271,439.2474,880.8142,524.6098,,,1109.75,417.6259,,,1001.02,520.1407,960.2489,301.2218,,
labeled-data,video2,195.jpg,857.6174,308.1682,807.8208,439.2476,880.8196,524.6032,,,1109.7432,417.6299,,,1001.0126,520.1484,960.2401,301.229,,
labeled-data,video2,196.jpg,857.6183,308.1615,807.8211,439.2416,880.8165,524.603,,,1109.7422,417.6218,,,1001.0165,520.1421,960.2463,301.2214,920.0812,204.3805
labeled-data,video2,197.jpg,857.6176,308.1664,807.8237,439.2401,880.8148,524.6077,,,1109.7407,417.6203,,,1001.0101,520.1447,960.2429,301.2226,,
labeled-data,video2,198.jpg,857.6164,308.1626,807.8295,439.2488,880.8103,524.6026,,,1109.7456,417.6266,,,1001.0196,520.1456,960.2471,301.2271,,
labeled-data,video2,199.jpg,857.6194,308.1615,807.8243,439.244,880.8159,524.6057,,,1109.7413,417.6205,,,1001.0168,520.1419,960.2477,301.2201,917.1946,207.2634
labeled-data,video2,200.jpg,857.6118,308.1622,807.8245,439.243,880.8139,524.6019,,,1109.7414,417.6255,,,1001.0183,520.1455,960.2477,301.2238,,
labeled-data,video2,201.jpg,857.618,308.1636,807.8234,439.2447,880.8111,524.6024,,,1109.7429,417.6265,,,1001.0135,520.1494,960.2465,301.2285,,
labeled-data,video2,202.jpg,857.6167,308.1615,807.8211,439.249,880.8132,524.6003,,,1109.7463,417.6259,,,1001.0198,520.1442,960.2413,301.2268,,
labeled-data,video2,203.jpg,857.6117,308.166,807.8289,439.2433,880.8146,524.6034,,,1109.7471,417.6296,,,1001.0167,520.1453,960.2412,301.2253,,
labeled-data,video2,204.jpg,857.6124,308.1641,807.8294,439.2452,880.8126,524.6073,,,1109.7471,417.6285,,,1001.0196,520.1422,960.2411,301.2238,,
labeled-data,video2,205.jpg,860.0233,308.9655,814.2464,438.4378,874.3968,574.3519,,,1111.3448,422.4331,,,1001.0196,520.5499,960.242,304.433,,
labeled-data,video2,206.jpg,860.0298,308.9608,819.0667,437.6319,874.3937,574.3537,,,1112.9559,422.4342,1116.2484,519.3068,1001.012,520.9458,960.2452,307.6439,,
labeled-data,video2,207.jpg,860.0242,308.9605,818.6506,437.6848,875.994,572.482,,,1112.9589,422.4358,1116.0701,519.2084,1001.0191,520.9424,960.2454,307.6452,921.2012,209.6744
labeled-data,video2,208.jpg,860.0203,308.9693,818.2532,437.7278,877.6045,570.6172,,,1112.9528,422.4364,1115.9038,519.1037,1001.0143,520.9425,960.2465,307.6436,,
labeled-data,video2,209.jpg,860.0273,308.9663,817.856,437.7653,879.2053,568.7368,,,1112.9509,422.4316,1115.7229,519.0,1001.02,520.9407,960.2433,307.6446,,
labeled-data,video2,210.jpg,860.0216,308.9642,817.4588,437.811,881.6133,556.7071,,,1112.9537,422.4366,1115.5532,518.9092,1001.0111,520.9407,960.2493,307.6471,,
labeled-data,video2,211.jpg,860.0231,308.9662,817.0531,437.8575,882.8243,555.8913,,,1112.9587,422.4309,1115.3863,518.8039,1001.0103,520.9476,960.2477,307.6402,,
labeled-data,video2,212.jpg,860.0293,308.9635,816.6594,437.9038,884.0227,555.0929,,,1112.959,422.4369,1115.214,518.7092,1001.0161,520.9459,960.2449,307.6471,,
labeled-data,video2,213.jpg,860.0255,308.9649,816.2528,437.9457,886.4313,555.0973,,,1112.9578,422.4337,1115.0489,518.6096,1001.0188,520.947,960.2448,307.6427,,
labeled-data,video2,214.jpg,860.0207,308.9688,815.851,437.9966,885.6327,553.4918,,,1112.9549,422.4302,1114.872,518.5075,1001.0104,520.9473,960.2453,307.6459,,
labeled-data,video2,215.jpg,860.0219,308.9672,815.4411,438.0338,885.6381,553.317,,,1112.9548,422.4351,1114.7049,518.4015,1001.0169,520.9478,960.244,307.6404,,
labeled-data,video2,216.jpg,860.025,308.9624,815.0456,438.0837,885.634,553.1316,,,1112.9592,422.4383,1114.5286,518.3061,1001.0197,520.9475,960.2496,307.649,,
labeled-data,video2,217.jpg,860.0293,308.9669,814.6457,438.1273,885.636,552.9517,,,1112.9583,422.4375,1114.3568,518.208,1001.0161,520.9473,960.2441,307.6454,,
labeled-data,video2,218.jpg,860.0214,308.9613,814.2451,438.1778,885.6348,552.7701,,,1112.9517,422.4303,1114.1856,518.1072,1001.0133,520.9426,960.2405,307.6477,,
labeled-data,video2,219.jpg,860.0225,308.9653,813.8456,438.2121,885.6334,552.5928,,,1112.9512,422.4336,1114.0194,518.0,1001.0164,520.9472,960.2404,307.6482,,
labeled-data,video2,220.jpg,860.0256,308.9601,813.4435,438.2646,885.6384,552.4203,,,1112.9507,422.4395,1113.8422,517.9039,1001.0104,520.9479,960.242,307.6474,,
labeled-data,video2,221.jpg,860.0231,308.9613,813.0478,438.3086,885.6324,552.2464,,,1112.9545,422.431,1113.6713,517.8049,1001.0137,520.9404,960.2439,307.6488,,
labeled-data,video2,222.jpg,860.0277,308.9685,812.6481,438.3428,885.6346,552.0665,,,1112.9542,422.4302,1113.506,517.7062,1001.0189,520.9469,960.2466,307.6491,,
labeled-data,video2,223.jpg,860.0282,308.9653,812.2341,438.3996,885.6321,551.885,,,1112.96,422.4391,1113.3204,517.6061,1001.012,520.9424,960.2405,307.6432,,
labeled-data,video2,224.jpg,860.0256,308.969,811.8348,438.4336,844.7092,579.9751,,,1112.9559,422.4365,1113.1589,517.5064,1001.0138,520.9437,960.2418,307.6435,,
labeled-data,video2,225.jpg,860.0208,308.9607,811.8375,438.4342,855.9321,542.2508,,,1112.9525,422.4321,1112.9804,517.4064,1001.0181,520.9433,960.2458,307.6491,,
labeled-data,video2,226.jpg,860.0222,308.9659,811.8373,438.4365,861.5561,536.6313,,,1112.9595,422.4373,1112.81,517.3029,1001.0111,520.9461,960.2413,307.6457,,
labeled-data,video2,227.jpg,860.0217,308.9648,811.8393,438.4328,862.3529,535.0347,,,1112.9533,422.4357,1112.6499,517.2087,1001.0161,520.9465,960.2468,307.6476,,
labeled-data,video2,228.jpg,860.0279,308.9612,811.8379,438.4355,864.7616,534.7142,,,1112.9573,422.4304,1112.4711,517.1005,1001.0102,520.9458,960.2487,307.6448,925.2236,214.4912
labeled-data,video2,229.jpg,860.0236,308.9674,811.8303,438.4341,867.1752,534.3998,,,1112.96,422.4306,1112.2911,517.0,1001.0136,520.9497,960.2405,307.6466,,
labeled-data,video2,230.jpg,860.0247,308.9689,811.8379,438.4336,869.5724,534.0685,,,1112.9561,422.4316,1112.1234,516.9007,1001.0133,520.9458,960.2434,307.6485,,
labeled-data,video2,231.jpg,860.0246,308.9654,811.8396,438.4332,871.9882,533.7435,,,1112.9542,422.4388,1111.9561,516.8047,1001.0162,520.948,960.2409,307.6439,,
labeled-data,video2,232.jpg,860.0224,308.9658,811.8344,438.4383,874.3976,533.4243,,,1112.9566,422.4395,1111.783,516.7017,1001.0173,520.9461,960.2438,307.6428,,
labeled-data,video2,233.jpg,860.025,308.9644,811.837,438.4359,874.9217,532.6244,,,1112.9522,422.4311,1111.62,516.6005,1001.0173,520.9488,960.2468,307.6489,,
labeled-data,video2,234.jpg,860.0248,308.9698,811.835,438.4378,875.4631,531.8225,,,1112.9578,422.4308,1111.4445,516.5066,1001.019,520.9494,960.2415,307.6494,,
labeled-data,video2,235.jpg,860.0288,308.9626,811.8349,438.4349,876.0,531.0118,,,1112.9527,422.4366,1111.278,516.4044,1001.019,520.9455,960.2421,307.6466,,
labeled-data,video2,236.jpg,860.0261,308.9694,811.8316,438.4347,877.2837,529.8921,,,1112.9588,422.4364,1111.0962,516.3056,1001.0148,520.9403,960.242,307.6412,,
labeled-data,video2,237.jpg,860.025,308.964,811.8367,438.4315,878.5644,528.7773,,,1112.959,422.4372,1110.9258,516.2092,1001.0182,520.9481,960.241,307.6437,,
labeled-data,video2,238.jpg,860.0276,308.9667,811.8398,438.43,879.8555,527.643,,,1112.9598,422.4392,1110.7539,516.1016,1001.0153,520.9433,960.2467,307.647,,
labeled-data,video2,239.jpg,860.0228,308.9698,811.8303,438.4302,881.1351,526.5255,,,1112.9516,422.4331,1110.5819,516.0,1001.0131,520.9435,960.2446,307.6451,,
labeled-data,video2,240.jpg,860.0258,308.9645,811.8322,438.4373,882.4234,525.4023,,,1112.9505,422.4344,1110.4172,515.9006,1001.0112,520.9435,960.2476,307.6425,,
labeled-data,video2,241.jpg,860.0292,308.9608,811.8389,438.4344,882.4231,525.407,,,1112.9595,422.4359,1110.2463,515.8075,1001.0125,520.9432,960.2465,307.648,,
labeled-data,video2,242.jpg,860.0265,308.9662,811.837,438.4369,882.4296,525.4086,,,1112.9571,422.4349,1110.0765,515.7062,1001.0131,520.945,960.241,307.6469,,
labeled-data,video2,243.jpg,860.0234,308.9697,811.8366,438.4385,862.3576,543.8636,,,1112.9588,422.4387,1109.8944,515.6046,1001.0149,520.9462,960.2472,307.6401,,
labeled-data,video2,244.jpg,860.0278,308.9667,811.8351,438.4399,863.1672,542.2556,,,1112.9503,422.4337,1109.7267,515.5004,1001.0154,520.9465,960.2409,307.6401,,
labeled-data,video2,245.jpg,860.0282,308.9633,811.8335,438.4317,864.7672,542.2588,,,1112.9511,422.4307,1109.5557,515.4098,1001.0123,520.9457,960.2441,307.6464,,
labeled-data,video2,246.jpg,860.0207,308.967,811.8334,438.4324,865.5681,541.452,,,1112.9547,422.4362,1109.3831,515.3083,1001.0189,520.9405,960.2432,307.6445,,
labeled-data,video2,247.jpg,860.0297,308.9665,811.8318,438.4359,867.9703,538.2445,,,1112.953,422.4355,1109.2139,515.2088,1001.014,520.9429,960.2427,307.6491,920.4028,214.4978
labeled-data,video2,248.jpg,860.0291,308.9649,811.8344,438.4334,868.3417,537.7215,,,1112.9539,422.4399,1109.0437,515.105,1001.0116,520.9426,960.2496,307.6488,,
labeled-data,video2,249.jpg,860.0266,308.9636,811.8363,438.4397,868.7153,537.208,,,1112.9518,422.4359,1108.8712,515.0,1001.0147,520.9497,960.242,307.644,,
labeled-data,video2,250.jpg,860.0261,308.968,811.8313,438.4368,869.0812,536.6822,,,1112.9571,422.4388,1108.6955,514.9001,1001.0135,520.9488,960.2402,307.6416,,
labeled-data,video2,251.jpg,860.0244,308.9657,811.8305,438.4376,869.4509,536.1664,,,1112.9588,422.4307,1108.5236,514.8085,1001.0122,520.9451,960.2437,307.641,,
labeled-data,video2,252.jpg,860.0224,308.9691,811.8325,438.4309,869.8248,535.6584,,,1112.9574,422.4358,1108.353,514.7039,1001.0165,520.947,960.2474,307.6459,,
labeled-data,video2,253.jpg,860.023,308.9639,811.8354,438.4328,870.2053,535.1314,,,1112.9525,422.4347,1108.1896,514.6058,1001.0194,520.9439,960.2444,307.6487,,
labeled-data,video2,254.jpg,860.0238,308.967,811.8363,438.4388,870.5759,534.6118,,,1112.9552,422.4352,1108.0199,514.5084,1001.0192,520.9413,960.2477,307.6414,,
labeled-data,video2,255.jpg,860.0291,308.962,811.8338,438.4304,870.9438,534.094,,,1112.9511,422.4321,1107.8483,514.4049,1001.0174,520.9466,960.2475,307.6468,,
labeled-data,video2,256.jpg,860.0227,308.9686,811.8382,438.4324,871.3116,533.5768,,,1112.9531,422.4372,1107.6642,514.3037,1001.0101,520.9402,960.248,307.6491,,
labeled-data,video2,257.jpg,860.0267,308.9667,811.8379,438.4315,871.6811,533.0587,,,1112.9519,422.4365,1107.4954,514.2058,1001.0149,520.94,960.2447,307.6482,,
labeled-data,video2,258.jpg,860.0293,308.9638,811.8343,438.4333,872.053,532.5319,,,1112.9522,422.4392,1107.3259,514.101,1001.0153,520.9463,960.2466,307.6433,,
labeled-data,video2,259.jpg,860.0254,308.9606,811.8361,438.4344,872.4267,532.0246,,,1112.9526,422.4381,1107.1575,514.0,1001.0151,520.9495,960.25,307.6409,,
labeled-data,video2,260.jpg,860.0248,308.9638,811.8357,438.4373,872.7947,531.5049,,,1112.9554,422.4373,1106.9851,513.91,1001.0106,520.9421,960.2411,307.6495,,
labeled-data,video2,261.jpg,860.0272,308.9654,811.8307,438.4391,873.7585,530.0555,,,1112.9594,422.4383,1106.8108,513.807,1001.0163,520.9465,960.2429,307.6403,,
labeled-data,video2,262.jpg,862.9284,308.319,811.835,438.4354,874.7236,528.6191,,,1112.9514,422.4388,1106.6402,513.705,1001.0184,520.9474,960.2474,307.6491,,
labeled-data,video2,263.jpg,869.0528,310.8917,811.8397,438.4361,861.2386,552.6984,,,1112.9558,422.4349,1106.4635,513.6031,1001.0133,520.9426,960.2464,307.6469,,
labeled-data,video2,264.jpg,878.0879,319.6035,811.8346,438.4394,863.1607,549.8021,,,1112.954,422.4375,1106.2952,513.502,1001.0128,520.9452,960.2404,307.6464,,
labeled-data,video2,265.jpg,882.6094,322.185,811.8331,438.433,867.0175,547.8709,,,1112.956,422.4387,1106.1209,513.4079,1001.0133,520.9467,960.2428,307.643,,
labeled-data,video2,266.jpg,893.5633,323.4775,811.8383,438.4351,869.4209,547.8756,,,1112.9556,422.44,1105.9514,513.3035,1001.0139,520.9474,960.2413,307.644,936.0106,240.1328
labeled-data,video2,267.jpg,873.5777,288.6453,811.8335,438.4389,871.8332,547.8778,,,1112.9562,422.4379,1105.785,513.2091,1001.0126,520.9433,960.2488,307.6465,923.7464,205.0139
labeled-data,video2,268.jpg,873.579,288.646,811.8361,438.4371,873.9453,545.9813,,,1112.952,422.4375,1105.6134,513.103,1001.0139,520.9496,960.2448,307.6461,,
labeled-data,video2,269.jpg,873.5749,288.6469,811.8312,438.4391,876.0613,544.0889,,,1112.9571,422.4336,1105.4453,513.0,1001.0125,520.943,960.2415,307.641,,
labeled-data,video2,270.jpg,873.5763,288.6463,811.8313,438.4349,878.1899,542.1929,,,1112.9555,422.4355,1105.26,512.9066,1001.0155,520.9465,960.2462,307.6422,,
labeled-data,video2,271.jpg,873.5791,288.6475,811.8364,438.4361,880.3024,540.2911,,,1112.9504,422.4398,1105.0929,512.8049,1001.0166,520.9447,960.248,307.6443,,
labeled-data,video2,272.jpg,873.5761,288.6483,811.8373,438.4333,882.4291,538.4049,,,1112.9554,422.4338,1104.9297,512.7015,1001.0177,520.9492,960.2434,307.6439,,
labeled-data,video2,273.jpg,873.574,288.6405,811.8351,438.4327,883.4758,537.6754,,,1112.9502,422.4334,1104.7505,512.6049,1001.0193,520.9421,960.2411,307.6498,,
labeled-data,video2,274.jpg,873.573,288.6418,811.8353,438.4312,884.5381,536.9595,,,1112.9512,422.4357,1104.5853,512.5074,1001.0182,520.9473,960.2473,307.6493,,
labeled-data,video2,275.jpg,873.5729,288.6465,811.8377,438.4362,885.5908,536.2219,,,1112.9584,422.4385,1104.4173,512.4038,1001.0113,520.9475,960.2425,307.6455,,
labeled-data,video2,276.jpg,873.5793,288.6458,811.8365,438.4346,886.659,535.5073,,,1112.9541,422.4306,1104.2323,512.3011,1001.0138,520.9419,960.2496,307.6422,,
labeled-data,video2,277.jpg,873.5756,288.644,811.8391,438.4325,887.7104,534.7709,,,1112.9578,422.4358,1104.0625,512.2063,1001.0135,520.9486,960.2429,307.6444,,
labeled-data,video2,278.jpg,873.5703,288.6458,811.8379,438.4358,888.7788,534.0522,,,1112.9583,422.4387,1103.8993,512.1086,1001.0156,520.9413,960.2433,307.6452,,
labeled-data,video2,279.jpg,873.5747,288.6485,811.8301,438.4391,889.8325,533.3342,,,1112.9588,422.4304,1103.7268,512.0,1001.0147,520.9489,960.2431,307.6473,,
labeled-data,video2,280.jpg,873.5765,288.6452,811.8353,438.4339,890.8936,532.6043,,,1112.9584,422.4338,1103.5563,511.9027,1001.0185,520.9499,960.2414,307.6478,,
labeled-data,video2,281.jpg,873.5757,288.6422,811.831,438.4372,891.9578,531.8874,,,1112.9574,422.4388,1103.3861,511.8006,1001.0176,520.9481,960.2473,307.6441,,
labeled-data,video2,282.jpg,873.5711,288.6429,811.837,438.4302,893.0155,531.1561,,,1112.9564,422.4388,1103.2119,511.7037,1001.0157,520.9424,960.2442,307.6417,,
labeled-data,video2,283.jpg,873.5733,288.6487,811.8309,438.4366,893.0197,531.1527,,,1112.9584,422.4347,1103.0314,511.6056,1001.0133,520.9452,960.2445,307.6414,,
labeled-data,video2,284.jpg,873.5787,288.6439,811.8343,438.4336,893.0157,531.1598,,,1112.9568,422.4368,1102.8677,511.5021,1001.0115,520.9421,960.2454,307.6439,,
labeled-data,video2,285.jpg,873.5737,288.6499,811.8305,438.4324,862.3592,555.1291,,,1112.9594,422.4354,1102.8666,511.5074,1001.0106,520.9475,960.248,307.6432,,
labeled-data,video2,286.jpg,873.5717,288.6438,811.8371,438.4392,870.7194,543.97,,,1112.9572,422.4362,1102.8656,511.5087,1001.0144,520.9447,960.2431,307.6463,,
labeled-data,video2,287.jpg,873.5787,288.6468,811.8331,438.4377,874.6179,541.7469,,,1112.953,422.4338,1102.8627,511.502,1001.0141,520.9455,960.243,307.6409,,
labeled-data,video2,288.jpg,873.5769,288.6406,811.8394,438.4352,881.3017,541.1868,,,1112.9582,422.4323,1102.8641,511.5054,1001.0156,520.947,960.2465,307.6427,,
labeled-data,video2,289.jpg,873.578,288.6423,811.8329,438.4342,885.7639,537.8454,,,1112.9596,422.4309,1102.8626,511.5036,1001.0128,520.9479,960.2494,307.6408,,
labeled-data,video2,290.jpg,873.5759,288.6409,811.8357,438.4349,887.9917,534.5091,,,1112.956,422.4397,1102.8673,511.5074,1001.0103,520.9435,960.2437,307.6495,,
labeled-data,video2,291.jpg,873.5723,288.6406,811.8326,438.4381,887.3256,534.1684,,,1112.9561,422.4301,1102.8692,511.503,1001.0175,520.9473,960.2475,307.6409,924.8641,220.064
labeled-data,video2,292.jpg,873.5726,288.6477,811.8329,438.4386,886.6557,533.8365,,,1112.951,422.4319,1102.8658,511.5009,1001.0173,520.9493,960.2484,307.6413,,
labeled-data,video2,293.jpg,873.5719,288.6487,811.8373,438.4384,888.6683,532.4909,,,1112.9503,422.4338,1102.8631,511.5078,1001.0107,520.9407,960.2423,307.6452,,
labeled-data,video2,294.jpg,873.5748,288.6428,811.8393,438.435,890.0,531.8269,,,1112.9559,422.4359,1102.8602,511.5096,1001.0196,520.9479,960.2468,307.6476,,
labeled-data,video2,295.jpg,873.576,288.642,811.8383,438.4394,891.3495,530.4843,,,1112.9552,422.4362,1102.8677,511.5055,1001.0119,520.9433,960.2412,307.6437,,
labeled-data,video2,296.jpg,873.5774,288.647,811.8387,438.4307,874.1796,541.4126,,,1112.9533,422.4328,1102.865,511.5045,1001.019,520.9434,960.2447,307.6419,,
labeled-data,video2,297.jpg,873.5708,288.6454,811.839,438.4314,857.0195,552.3379,,,1112.9517,422.4377,1102.8633,511.5054,1001.0144,520.9465,960.2489,307.6468,,
labeled-data,video2,298.jpg,873.5758,288.647,811.8353,438.433,839.8493,563.256,,,1112.9584,422.4388,1102.8602,511.509,1001.0116,520.9491,960.2427,307.6475,,
labeled-data,video2,299.jpg,873.5705,288.6459,811.8311,438.4364,837.8305,538.5122,,,1112.9565,422.4379,1102.8646,511.5022,1001.0169,520.942,960.2417,307.6494,920.8497,207.3513
labeled-data,video2,300.jpg,873.5783,288.6472,811.8349,438.4312,839.8405,537.1725,,,1112.953,422.431,1102.8612,511.5064,1001.0177,520.9402,960.2455,307.6442,,
labeled-data,video2,301.jpg,874.4983,286.2354,812.4882,437.9244,842.8483,530.4588,,,1109.0,420.0209,1092.5613,501.4286,999.7058,521.0,963.099,306.6315,,
labeled-data,video2,302.jpg,874.4997,286.231,812.4867,437.9285,842.8459,530.451,,,1109.0,420.0246,1092.5611,501.4277,999.7037,521.0,963.0908,306.6312,,
labeled-data,video2,303.jpg,874.4966,286.2326,812.4808,437.9258,842.8453,530.4514,,,1109.0,420.0298,1092.5638,501.4283,999.7091,521.0,963.0955,306.6317,,
labeled-data,video2,304.jpg,874.4929,286.2308,812.4866,437.9287,842.8481,530.4525,,,1109.0,420.0251,1092.5655,501.4278,999.7016,521.0,963.0986,306.6339,,
labeled-data,video2,305.jpg,874.4917,286.2365,812.4827,437.9214,842.8477,530.4528,,,1109.0,420.0223,1092.5654,501.4294,999.7015,521.0,963.0907,306.6312,,
labeled-data,video2,306.jpg,874.4915,286.2359,812.4801,437.9269,842.8453,530.4517,,,1109.0,420.0273,1092.5676,501.4222,999.7038,521.0,963.0911,306.6358,,
labeled-data,video2,307.jpg,874.492,286.2302,812.4857,437.9231,842.8466,530.4541,,,1109.0,420.0241,1092.5651,501.4226,999.7013,521.0,963.0931,306.6373,,
labeled-data,video2,308.jpg,874.4904,286.2377,812.4807,437.9229,843.4672,530.3245,,,1109.0,420.0253,1092.569,501.4242,999.7083,521.0,963.0943,306.6364,926.8207,217.4319
labeled-data,video2,309.jpg,874.4948,286.2317,812.49,437.9208,844.0928,530.1827,,,1109.0,420.029,1092.5612,501.4201,999.7086,521.0,963.0968,306.6341,,
labeled-data,video2,310.jpg,874.497,286.2319,812.4845,437.9297,844.7182,530.0598,,,1109.0,420.026,1092.5643,501.4232,999.702,521.0,963.0953,306.6338,,
labeled-data,video2,311.jpg,874.4947,286.2381,812.4871,437.9238,845.3336,529.9203,,,1109.0,420.0261,1092.5668,501.4267,999.7053,521.0,963.0911,306.6315,,
labeled-data,video2,312.jpg,874.4968,286.2372,812.4843,437.9258,845.9642,529.7851,,,1109.0,420.0292,1092.562,501.4272,999.7086,521.0,963.0954,306.6303,,
labeled-data,video2,313.jpg,874.4988,286.2307,812.488,437.9213,846.5841,529.6596,,,1109.0,420.0291,1092.5659,501.4299,999.7005,521.0,963.0957,306.634,,
labeled-data,video2,314.jpg,874.4981,286.2335,812.4864,437.9223,847.2176,529.5275,,,1109.0,420.029,1092.5681,501.4263,999.7028,521.0,963.0928,306.6399,,
labeled-data,video2,315.jpg,874.4954,286.235,812.4858,437.9291,847.8357,529.3819,,,1109.0,420.029,1092.5639,501.4269,999.7093,521.0,963.097,306.6315,,
labeled-data,video2,316.jpg,874.4925,286.2315,812.4889,437.9243,848.4587,529.2512,,,1109.0,420.0271,1092.5695,501.4227,999.7025,521.0,963.0959,306.6352,,
labeled-data,video2,317.jpg,874.4918,286.2363,812.4867,437.9237,849.086,529.1109,,,1109.0,420.0228,1092.568,501.4209,999.7058,521.0,963.0962,306.6378,,
labeled-data,video2,318.jpg,874.4953,286.2332,812.4864,437.9207,849.701,528.9828,,,1109.0,420.0223,1092.5644,501.4208,999.7097,521.0,963.0977,306.6314,,
labeled-data,video2,319.jpg,874.4972,286.2344,812.4897,437.925,850.332,528.8548,,,1109.0,420.0252,1092.5662,501.4203,999.709,521.0,963.0953,306.6343,,
labeled-data,video2,320.jpg,874.4949,286.2395,812.4829,437.9228,850.958,528.7175,,,1109.0,420.0271,1092.5689,501.4229,999.704,521.0,963.0928,306.6336,,
labeled-data,video2,321.jpg,874.4989,286.2372,812.4801,437.9213,851.5854,528.5835,,,1109.0,420.0288,1092.5664,501.4267,999.707,521.0,963.0987,306.6305,,
labeled-data,video2,322.jpg,874.4948,286.232,812.48,437.9238,852.2074,528.4516,,,1109.0,420.0295,1092.5685,501.4265,999.703,521.0,963.0968,306.6309,,
labeled-data,video2,323.jpg,874.4978,286.2388,812.4894,437.9201,852.8232,528.3129,,,1109.0,420.0285,1092.566,501.4233,999.7035,521.0,963.0945,306.6362,,
labeled-data,video2,324.jpg,874.4954,286.2303,812.4847,437.922,853.4561,528.1872,,,1109.0,420.0204,1092.57,501.4271,999.7038,521.0,963.0912,306.635,,
labeled-data,video2,325.jpg,874.4992,286.2374,812.4825,437.9209,854.0738,528.0493,,,1109.0,420.0214,1092.5606,501.4266,999.7032,521.0,963.0904,306.6339,926.8268,217.4359
labeled-data,video2,326.jpg,874.4993,286.2377,812.4845,437.9293,855.5636,526.9009,,,1109.0,420.0214,1092.5691,501.4299,999.7071,521.0,963.0944,306.6344,,
labeled-data,video2,327.jpg,874.4932,286.2345,812.4823,437.9232,857.052,525.7537,,,1109.0,420.0231,1092.5617,501.4221,999.708,521.0,963.0936,306.6345,,
labeled-data,video2,328.jpg,874.4973,286.2369,812.4899,437.9233,858.5423,524.6026,,,1109.0,420.0293,1092.5669,501.4282,999.7058,521.0,963.0964,306.6388,,
labeled-data,video2,329.jpg,874.4994,286.2374,812.4883,437.9242,860.0378,523.4647,,,1109.0,420.0203,1092.5603,501.423,999.7096,521.0,963.0984,306.6337,,
labeled-data,video2,330.jpg,874.4909,286.2305,812.4844,437.9202,861.5245,522.3123,,,1109.0,420.0233,1092.5688,501.4218,999.7049,521.0,963.0952,306.6333,,
labeled-data,video2,331.jpg,874.4986,286.2308,812.4811,437.9284,863.0185,521.1781,,,1109.0,420.0225,1092.5629,501.4228,999.701,521.0,963.0971,306.6349,,
labeled-data,video2,332.jpg,874.4989,286.2375,812.4865,437.9204,864.5047,520.0248,,,1109.0,420.0291,1092.5684,501.4216,999.701,521.0,963.0956,306.6328,,
labeled-data,video2,333.jpg,874.4911,286.2326,812.4892,437.9217,864.5033,520.0262,,,1109.0,420.0279,1092.5667,501.4294,999.703,521.0,963.09,306.6343,928.4334,235.8935
labeled-data,video2,334.jpg,874.491,286.2346,812.4839,437.9297,864.5088,520.0223,,,1109.0,420.0257,1092.5637,501.4204,999.7088,521.0,963.0929,306.6395,,
labeled-data,video2,335.jpg,874.4969,286.2372,812.4889,437.9243,864.5045,520.0208,,,1109.0,420.02,1092.5694,501.4283,999.7079,521.0,963.0938,306.635,,
labeled-data,video2,336.jpg,874.4905,286.2321,812.4809,437.921,864.5051,520.023,,,1109.0,420.025,1092.562,501.4268,999.7024,521.0,963.0939,306.6362,,
labeled-data,video2,337.jpg,874.4927,286.238,812.4893,437.9212,864.5042,520.0269,,,1109.0,420.0241,1092.5618,501.4298,999.7029,521.0,963.0995,306.6383,,
labeled-data,video2,338.jpg,874.491,286.2372,812.4864,437.924,864.5076,520.0294,,,1109.0,420.0224,1092.5657,501.4253,999.7051,521.0,963.0931,306.6306,,
labeled-data,video2,339.jpg,874.4985,286.2387,812.4862,437.9274,864.5091,520.0259,,,1109.0,420.0288,1092.5607,501.4248,999.7037,521.0,963.0923,306.6354,,
labeled-data,video2,340.jpg,874.497,286.2376,812.4862,437.9227,864.5017,520.0222,,,1109.0,420.0209,1092.5634,501.4283,999.7084,521.0,963.0964,306.6341,,
labeled-data,video2,341.jpg,874.4922,286.2351,812.4884,437.9242,864.501,520.0222,,,1109.0,420.0274,1092.5604,501.4289,999.7099,521.0,963.097,306.6325,,
labeled-data,video2,342.jpg,874.4903,286.2394,812.488,437.9263,864.5088,520.0223,,,1109.0,420.0208,1092.569,501.427,999.7069,521.0,963.0975,306.6338,924.422,215.8325
labeled-data,video2,343.jpg,874.4931,286.2359,812.4821,437.9236,864.5009,520.0229,,,1109.0,420.0243,1092.5655,501.4217,999.7038,521.0,963.0988,306.6346,,
labeled-data,video2,344.jpg,874.495,286.2362,812.4888,437.929,864.5039,520.0203,,,1109.0,420.0245,1092.5609,501.4271,999.7083,521.0,963.0929,306.6324,,
labeled-data,video2,345.jpg,874.4985,286.2391,812.487,437.9245,846.0463,555.3327,,,1109.0,420.0249,1092.5672,501.4282,999.7094,521.0,963.0963,306.6332,,
labeled-data,video2,346.jpg,874.4928,286.2397,812.4867,437.927,846.6559,553.9374,,,1109.0,420.0269,1092.5693,501.4252,999.7012,521.0,963.09,306.6342,,
labeled-data,video2,347.jpg,874.4979,286.2364,812.4815,437.9241,847.2531,552.524,,,1109.0,420.0267,1092.5682,501.4292,999.7025,521.0,963.0958,306.6318,934.0536,240.7134
labeled-data,video2,348.jpg,874.499,286.2306,812.4812,437.924,847.8586,551.1255,,,1109.0,420.0249,1092.5671,501.4294,999.7027,521.0,963.0995,306.6308,925.2278,204.5972
labeled-data,video2,349.jpg,874.4982,286.2377,812.4898,437.9249,848.459,549.7132,,,1109.0,420.0214,1092.5648,501.4232,999.7014,521.0,963.0995,306.6374,,
labeled-data,video2,350.jpg,874.4903,286.2369,812.4824,437.928,849.8823,548.4687,,,1109.0,420.0249,1092.5648,501.4247,999.7075,521.0,963.0923,306.6376,,
labeled-data,video2,351.jpg,874.495,286.2307,812.4874,437.9224,851.3074,547.2281,,,1109.0,420.0265,1092.5678,501.4236,999.7046,521.0,963.0902,306.6346,,
labeled-data,video2,352.jpg,874.4996,286.2301,812.4827,437.9224,852.7399,545.9711,,,1109.0,420.027,1092.5695,501.4208,999.7026,521.0,963.0918,306.6342,,
labeled-data,video2,353.jpg,874.4952,286.2353,812.4845,437.9254,854.167,544.727,,,1109.0,420.03,1092.5658,501.4265,999.7098,521.0,963.0922,306.6311,,
labeled-data,video2,354.jpg,874.4982,286.2395,812.4882,437.9221,855.5829,543.4772,,,1109.0,420.0214,1092.567,501.4259,999.7034,521.0,963.0912,306.6382,928.4355,234.2965
labeled-data,video2,355.jpg,874.4937,286.2305,812.4853,437.9216,857.0116,542.2257,,,1109.0,420.0271,1092.5684,501.4269,999.7013,521.0,963.093,306.6375,,
labeled-data,video2,356.jpg,874.4965,286.2309,812.4899,437.9296,858.4402,540.9734,,,1109.0,420.0224,1092.5672,501.4256,999.7082,521.0,963.0971,306.6342,,
labeled-data,video2,357.jpg,874.4995,286.2365,812.482,437.9272,859.8756,539.7326,,,1109.0,420.0228,1092.5669,501.428,999.7053,521.0,963.0949,306.6388,,
labeled-data,video2,358.jpg,874.4912,286.2306,812.4802,437.9287,861.2974,538.4806,,,1109.0,420.0232,1092.5655,501.4248,999.7082,521.0,963.0903,306.6356,,
labeled-data,video2,359.jpg,874.4953,286.2366,812.4881,437.9206,866.9167,530.4568,,,1109.0,420.0247,1081.3201,497.408,999.7068,521.0,963.0905,306.6308,,
labeled-data,video2,360.jpg,866.7982,260.2308,824.0441,440.811,852.4763,560.3114,,,1105.1575,419.0695,1104.4409,499.3389,991.0422,521.9629,951.5426,305.6709,,
labeled-data,video2,361.jpg,866.7981,260.2382,824.0455,440.8134,852.4719,560.3165,,,1105.1522,419.0669,1104.4497,499.3342,995.056,521.9629,951.5449,305.673,919.1433,213.3968
labeled-data,video2,362.jpg,866.6102,260.3737,823.8029,440.7857,852.9287,559.7192,,,1105.3106,417.4534,1104.3847,499.3939,995.098,521.9066,951.6799,305.6544,,
labeled-data,video2,363.jpg,866.4229,260.5081,823.5628,440.7667,853.3725,559.1271,,,1105.4855,415.8536,1104.3292,499.4537,995.1311,521.8555,951.8122,305.6368,,
labeled-data,video2,364.jpg,866.2467,260.6409,823.3394,440.7412,853.8332,558.5388,,,1105.6411,414.2422,1104.2679,499.5105,995.1685,521.7961,951.9494,305.619,,
labeled-data,video2,365.jpg,866.0676,260.7893,823.0999,440.7117,854.2891,557.9319,,,1105.812,412.6467,1104.2001,499.5769,995.2069,521.7365,952.0783,305.5981,,
labeled-data,video2,366.jpg,865.8733,260.9239,822.8612,440.6968,854.7362,557.3409,,,1105.9742,411.035,1104.1494,499.6341,995.248,521.6733,952.2151,305.5716,,
labeled-data,video2,367.jpg,865.6923,261.0552,822.6262,440.672,855.196,556.7575,,,1106.1343,409.4314,1104.09,499.6967,995.2892,521.6247,952.3449,305.561,,
labeled-data,video2,368.jpg,865.5194,261.1911,822.3876,440.6489,855.6417,556.15,,,1106.306,407.823,1104.028,499.7511,995.3232,521.5648,952.4731,305.5428,,
labeled-data,video2,369.jpg,865.3263,261.3353,822.1571,440.6276,856.1049,555.5647,,,1106.4653,406.2212,1103.9635,499.8098,995.3689,521.5048,952.6114,305.5209,,
labeled-data,video2,370.jpg,865.1456,261.4765,821.9127,440.6091,856.5505,554.9757,,,1106.6253,404.6117,1103.9037,499.8602,995.3969,521.4493,952.748,305.5041,,
labeled-data,video2,371.jpg,864.965,261.6176,821.6809,440.5705,857.0,554.3785,,,1106.7958,403.0104,1103.8446,499.9279,995.4333,521.3997,952.8877,305.4803,,
labeled-data,video2,372.jpg,864.7788,261.7451,821.4452,440.5543,857.4683,553.7851,,,1106.9582,401.41,1103.7864,499.9848,995.47,521.3391,953.0119,305.4662,,
labeled-data,video2,373.jpg,864.5982,261.8816,821.2074,440.527,857.9192,553.1972,,,1107.1195,399.8093,1103.7268,500.0457,995.5177,521.2734,953.1491,305.4468,918.3466,207.779
labeled-data,video2,374.jpg,864.4062,262.0237,820.9721,440.5072,858.368,552.595,,,1107.2839,398.1909,1103.6769,500.1022,995.5507,521.2183,953.2855,305.4265,,
labeled-data,video2,375.jpg,864.2255,262.1645,820.7395,440.4828,858.8213,552.0,,,1107.4487,396.5983,1103.6143,500.1655,995.5805,521.16,953.4134,305.405,,
labeled-data,video2,376.jpg,864.0484,262.2964,820.5002,440.4577,859.278,551.4161,,,1107.6086,394.9859,1103.5576,500.227,995.6274,521.1031,953.5481,305.3813,,
labeled-data,video2,377.jpg,863.8528,262.4332,820.262,440.4353,859.723,550.8198,,,1107.7742,393.3893,1103.4968,500.2864,995.6657,521.0431,953.6843,305.36,,
labeled-data,video2,378.jpg,863.6782,262.5766,820.0277,440.419,860.1883,550.2269,,,1107.9307,391.7764,1103.4365,500.3406,995.7036,520.9982,953.812,305.3444,,
labeled-data,video2,379.jpg,863.4927,262.7141,819.7985,440.3853,860.6354,549.6314,,,1108.0912,390.1734,1103.3752,500.4014,995.747,520.9396,953.9507,305.3359,,
labeled-data,video2,380.jpg,863.3091,262.8494,819.5542,440.3698,861.088,549.0378,,,1108.2604,388.5603,1103.3161,500.4661,995.788,520.8701,954.0859,305.3199,,
labeled-data,video2,381.jpg,863.1267,262.9845,819.3166,440.3426,861.5464,548.4478,,,1108.4228,386.9696,1103.2573,500.5287,995.8152,520.819,954.217,305.2922,,
labeled-data,video2,382.jpg,862.9407,263.1222,819.0809,440.3119,861.9978,547.8551,,,1108.5897,385.3577,1103.1931,500.5828,995.8592,520.7669,954.3542,305.28,918.3464,207.7714
labeled-data,video2,383.jpg,862.7564,263.269,818.8414,440.2947,862.4483,547.2612,,,1108.7504,383.7582,1103.1335,500.6439,995.8965,520.7061,954.4899,305.2514,,
labeled-data,video2,384.jpg,862.5794,263.3953,818.6113,440.261,862.9031,546.6664,,,1108.9188,382.1499,1103.0721,500.7097,995.9353,520.6434,954.6128,305.2329,,
labeled-data,video2,385.jpg,862.3919,263.539,818.3752,440.2426,862.9527,547.4456,,,1109.0755,380.5422,1103.0154,500.7658,995.9792,520.5801,954.7543,305.2195,,
labeled-data,video2,386.jpg,862.2095,263.6764,818.135,440.2211,863.0,548.2271,,,1109.2411,378.9345,1102.959,500.8268,996.0165,520.5348,954.8854,305.1928,917.5311,206.9714
labeled-data,video2,387.jpg,862.0219,263.8149,817.9085,440.193,863.0586,548.9948,,,1109.4081,377.3309,1102.8966,500.8758,996.0471,520.4708,955.0225,305.1726,,
labeled-data,video2,388.jpg,861.8428,263.9473,817.6682,440.1718,863.1028,549.7765,,,1109.5688,375.7258,1102.838,500.9304,996.0889,520.4133,955.1571,305.1565,,
labeled-data,video2,389.jpg,861.6525,264.0873,817.4391,440.1549,863.1669,550.5503,,,1109.7321,374.1269,1102.7713,500.9963,996.1242,520.3576,955.2807,305.1305,,
labeled-data,video2,390.jpg,861.4711,264.2237,817.1943,440.1271,863.2124,551.3235,,,1109.8975,372.5108,1102.7107,501.0549,996.168,520.3003,955.425,305.1258,,
labeled-data,video2,391.jpg,861.2922,264.3637,816.9591,440.1071,863.2687,552.109,,,1110.0578,370.9184,1102.66,501.1156,996.2003,520.2404,955.5559,305.1065,,
labeled-data,video2,392.jpg,861.108,264.4995,816.7215,440.0814,863.3196,552.8853,,,1110.2229,369.3057,1102.6026,501.1718,996.2304,520.1875,955.6852,305.0857,,
labeled-data,video2,393.jpg,860.9251,264.6389,816.4805,440.05,863.37,553.6597,,,1110.3836,367.7045,1102.5438,501.2319,996.2791,520.1376,955.8215,305.066,,
labeled-data,video2,394.jpg,860.7495,264.7715,816.2581,440.0322,863.4215,554.4338,,,1110.5502,366.0992,1102.4863,501.2972,996.3136,520.0731,955.9598,305.0408,,
labeled-data,video2,395.jpg,860.5542,264.9172,816.0152,440.0,863.4736,555.2111,,,1110.7171,364.4917,1102.4211,501.3501,996.3544,520.0193,956.0911,305.0243,,
labeled-data,video2,396.jpg,860.3745,265.0485,815.0903,438.2821,863.5235,555.9855,,,1110.8704,362.8851,1102.369,501.4125,996.3962,519.9582,956.2272,305.0,,
labeled-data,video2,397.jpg,861.721,263.5753,814.1621,436.5505,863.573,556.7643,,,1111.0476,361.2845,1102.3056,501.4726,996.4307,519.9096,956.357,304.9809,,
labeled-data,video2,398.jpg,863.0748,262.0963,813.2409,434.8356,863.6252,557.5429,,,1111.2052,359.6789,1102.2465,501.5306,996.4641,519.8413,956.4975,304.9661,,
labeled-data,video2,399.jpg,864.4285,260.6158,812.3202,433.1098,863.6732,558.3168,,,1111.3659,358.0797,1102.1818,501.5981,996.5098,519.7822,956.6286,304.9408,,
labeled-data,video2,400.jpg,865.7734,259.1306,811.403,431.39,863.7339,559.0932,,,1111.533,356.4682,1102.122,501.6578,996.5476,519.7272,956.7518,304.9236,,
labeled-data,video2,401.jpg,867.1375,257.651,810.4789,429.6598,863.7855,559.8777,,,1111.6958,354.8677,1102.069,501.7103,996.5878,519.6749,956.8928,304.9164,,
labeled-data,video2,402.jpg,868.4872,256.1757,809.5552,427.9345,863.8368,560.6432,,,1111.8528,353.2525,1102.0,501.7718,996.6275,519.613,957.0237,304.8987,,
labeled-data,video2,403.jpg,869.8328,254.7068,808.6342,426.2083,863.8872,561.4246,,,1112.021,351.6437,1101.9407,501.8336,996.6619,519.554,957.1661,304.8742,917.5393,206.9735
labeled-data,video2,404.jpg,871.1881,253.2295,807.7036,424.4824,863.9319,562.2031,,,1112.1805,350.047,1101.8812,501.8925,996.6672,519.5569,957.4914,305.6745,,
labeled-data,video2,405.jpg,872.5316,251.7402,806.7851,422.7569,863.9955,562.9742,,,1112.3453,348.4361,1101.8213,501.9459,996.6606,519.5534,957.8277,306.4796,,
labeled-data,video2,406.jpg,873.8868,250.2631,805.8608,421.0267,864.0438,563.7535,,,1112.5182,346.8382,1101.7646,502.0,996.6662,519.5562,958.1647,307.2719,,
labeled-data,video2,407.jpg,875.2462,248.7856,804.9309,419.3014,864.0901,564.5363,,,1112.6749,345.2259,1101.7059,502.0666,996.668,519.5564,958.4942,308.0859,,
labeled-data,video2,408.jpg,876.5948,247.3083,804.0104,417.5756,864.1477,565.3085,,,1112.8371,343.6256,1101.6459,502.123,996.6606,519.5536,958.8338,308.8851,920.7453,212.5888
labeled-data,video2,409.jpg,877.942,245.8314,803.0993,415.8517,864.1919,566.0887,,,1113.0,342.0123,1101.5885,502.1804,996.6686,519.556,959.1615,309.6843,,
labeled-data,video2,410.jpg,879.2927,244.3565,802.177,414.1295,864.2421,566.8681,,,1113.1621,340.4132,1101.5206,502.246,996.6654,519.5528,959.5017,310.4828,,
labeled-data,video2,411.jpg,880.6497,242.8779,801.2422,412.4033,864.3046,567.6301,,,1113.3277,338.8065,1101.4783,502.3082,996.6631,519.5586,959.8394,311.2971,,
labeled-data,video2,412.jpg,881.9904,241.3999,800.3267,410.6715,864.3547,568.4112,,,1113.4922,337.2002,1101.4108,502.3698,996.667,519.5505,960.1664,312.0953,,
labeled-data,video2,413.jpg,883.3555,239.9131,799.4056,408.957,864.4023,569.1977,,,1113.6574,335.5981,1101.3512,502.424,996.6678,519.5598,960.5002,312.8995,,
labeled-data,video2,414.jpg,884.7093,238.4332,798.4755,407.2276,864.4589,569.964,,,1113.8157,333.9983,1101.2947,502.4857,996.6677,519.5568,960.8312,313.6962,,
labeled-data,video2,415.jpg,886.056,236.9633,797.5566,405.5074,864.5079,570.7489,,,1113.9882,332.3862,1101.2355,502.5436,996.6696,519.559,961.1765,314.5019,,
labeled-data,video2,416.jpg,882.0426,192.0139,792.7435,395.0677,864.5098,570.7452,891.2724,207.933,1109.9698,332.3833,1101.2375,502.5433,996.6659,519.5574,960.8118,315.0384,,
labeled-data,video2,417.jpg,916.5497,204.0557,792.7451,395.0605,864.5012,570.7492,921.7664,203.9226,1109.9662,332.386,1101.2389,502.5407,996.665,519.5559,960.4575,315.5706,,
labeled-data,video2,418.jpg,886.8556,184.7983,792.7471,395.0677,864.5066,570.7492,901.7045,186.265,1109.9672,332.3863,1101.2329,502.5434,996.6616,519.5554,960.103,316.1051,,
labeled-data,video2,419.jpg,906.1108,209.6784,792.7477,395.0638,864.5076,570.7489,906.5274,188.6703,1109.9606,332.3886,1101.2397,502.5463,996.6631,519.5583,959.7458,316.6497,,
labeled-data,video2,420.jpg,909.3243,247.3938,792.7438,395.0629,864.5051,570.7457,913.7445,248.8672,1109.9645,332.381,1101.2367,502.5415,996.6625,519.5511,959.3863,317.1721,,
labeled-data,video2,421.jpg,918.1573,262.6424,792.7468,395.068,864.5075,570.7403,,,1109.9646,332.3874,1101.2352,502.5487,996.6638,519.5506,959.0356,317.7118,,
labeled-data,video2,422.jpg,,,792.7437,395.0673,864.5091,570.7484,,,1109.9692,332.3821,1101.2384,502.5473,996.6607,519.5526,958.6716,318.2415,,
labeled-data,video2,423.jpg,,,792.7401,395.0662,864.5048,570.7449,,,1109.9659,332.3873,1101.2321,502.5437,996.661,519.5542,958.3182,318.7886,,
labeled-data,video2,424.jpg,,,792.747,395.063,864.5079,570.7447,,,1109.9607,332.3881,1101.2382,502.5443,996.6636,519.5525,957.9659,319.3115,,
labeled-data,video2,425.jpg,,,792.9613,395.064,864.84,570.5279,,,1109.6916,332.777,1100.8958,502.5436,996.3254,519.509,958.1747,319.4749,927.9729,248.7048
labeled-data,video2,426.jpg,,,793.1838,395.0673,865.1798,570.2945,,,1109.4175,333.1655,1100.563,502.543,995.993,519.4403,958.3852,319.6409,916.7327,212.5872
labeled-data,video2,427.jpg,,,793.4086,395.0648,865.5192,570.0706,,,1109.1354,333.5542,1100.2223,502.5457,995.6596,519.3816,958.5979,319.8089,,
labeled-data,video2,428.jpg,,,793.6341,395.0638,865.8409,569.8521,,,1108.8594,333.9409,1099.8913,502.5426,995.3259,519.3362,958.8001,319.9655,,
labeled-data,video2,429.jpg,,,793.8588,395.066,866.1822,569.6262,,,1108.5795,334.3382,1099.5669,502.5432,994.9822,519.2741,959.0247,320.1203,,
labeled-data,video2,430.jpg,,,794.0741,395.0631,866.5191,569.4012,,,1108.2993,334.7213,1099.2263,502.5472,994.653,519.2299,959.237,320.2881,,
labeled-data,video2,431.jpg,,,794.3075,395.0674,866.8425,569.1815,,,1108.0189,335.1283,1098.8993,502.5471,994.3297,519.1695,959.4408,320.4433,,
labeled-data,video2,432.jpg,,,794.5208,395.0609,867.1844,568.9608,,,1107.7476,335.5152,1098.554,502.5471,993.982,519.1149,959.6564,320.6141,,
labeled-data,video2,433.jpg,,,794.7473,395.0656,867.5166,568.7382,,,1107.4642,335.9019,1098.2286,502.545,993.6599,519.0517,959.8638,320.7711,916.7308,219.0
labeled-data,video2,434.jpg,,,794.9725,395.0635,867.8565,568.5174,,,1107.1852,336.2985,1097.8899,502.5422,993.3125,519.0,960.0854,320.9322,,
labeled-data,video2,435.jpg,,,795.3814,394.9154,867.9254,568.5023,,,1107.5109,336.2956,1098.1699,502.4318,993.3933,518.9586,960.2943,321.0962,,
labeled-data,video2,436.jpg,,,795.796,394.7548,867.9995,568.5044,,,1107.8591,336.2937,1098.4419,502.3211,993.4896,518.9163,960.5044,321.2568,,
labeled-data,video2,437.jpg,,,796.2003,394.6008,868.0605,568.4994,,,1108.1837,336.2982,1098.7205,502.212,993.56,518.8751,960.7147,321.4199,,
labeled-data,video2,438.jpg,,,796.6144,394.458,868.1364,568.4837,,,1108.5208,336.2977,1099.0,502.0924,993.643,518.8344,960.9266,321.5727,,
labeled-data,video2,439.jpg,,,797.0222,394.2932,868.2062,568.4883,,,1108.8572,336.2955,1099.2884,501.981,993.7275,518.798,961.1397,321.7414,,
labeled-data,video2,440.jpg,886.7296,256.6203,797.4346,394.1467,868.271,568.4742,926.4516,244.8578,1109.1971,336.2984,1099.565,501.8711,993.806,518.7569,960.6302,325.4708,,
labeled-data,video2,441.jpg,882.0329,200.4457,797.8575,393.9809,868.3411,568.4631,883.6586,198.7031,1108.3,336.2903,1099.8437,501.7647,993.8888,518.7171,960.4428,325.3102,,
labeled-data,video2,442.jpg,898.7537,183.7273,798.2636,393.8389,868.4125,568.455,917.7559,184.6622,1107.4068,336.2961,1100.112,501.6584,993.9625,518.6772,960.2599,325.1698,,
labeled-data,video2,443.jpg,909.4595,194.4218,798.6728,393.674,868.4881,568.454,931.8093,201.3807,1106.5195,336.2942,1100.3989,501.5466,994.0503,518.6355,960.0657,325.017,,
labeled-data,video2,444.jpg,905.4442,217.8397,799.0867,393.5297,868.5443,568.4476,905.7231,218.105,1105.6284,336.2917,1100.6769,501.4213,994.1397,518.5922,959.8706,324.8598,,
labeled-data,video2,445.jpg,908.7898,253.9489,799.4924,393.3754,868.6185,568.4355,,,1104.7339,336.2924,1100.9585,501.318,994.2141,518.5504,959.6802,324.7024,922.0834,240.409
labeled-data,video2,446.jpg,898.0854,263.3156,799.9044,393.2133,868.6899,568.4351,925.7878,256.2252,1103.8484,336.2946,1101.2346,501.202,994.295,518.5129,959.4988,324.5525,,
labeled-data,video2,447.jpg,904.1039,262.6474,800.3274,393.0609,868.7589,568.4252,939.1599,252.2187,1103.8577,336.2821,1101.235,501.2008,994.3743,518.4797,959.3076,324.4027,,
labeled-data,video2,448.jpg,910.1222,267.3244,800.825,393.0696,868.8201,568.4115,943.8479,249.5334,1103.8793,336.2734,1101.2309,501.201,994.4593,518.4217,959.1072,324.2485,,
labeled-data,video2,449.jpg,906.7705,267.9924,801.3244,393.0684,868.9,568.4117,942.5051,254.8812,1103.8832,336.2678,1101.2372,501.2037,994.5407,518.3876,958.9119,324.0982,,
labeled-data,video2,450.jpg,,,801.8287,393.0683,868.9668,568.4026,,,1103.9011,336.2561,1101.2334,501.2004,994.6217,518.346,958.726,323.9445,923.4248,246.4204
labeled-data,video2,451.jpg,,,802.323,393.0676,869.0371,568.3949,,,1103.9197,336.2513,1101.2399,501.2073,994.7022,518.3068,958.5349,323.7843,,
labeled-data,video2,452.jpg,,,802.8227,393.0608,869.1049,568.3844,,,1103.9313,336.2413,1101.2309,501.2028,994.7824,518.2697,958.3428,323.6314,,
labeled-data,video2,453.jpg,,,803.33,393.0628,869.1718,568.3883,,,1103.9551,336.238,1101.2368,501.2098,994.8605,518.2293,958.1599,323.4811,,
labeled-data,video2,454.jpg,,,803.8359,393.063,869.2499,568.3747,,,1103.9605,336.2214,1101.237,501.2022,994.9448,518.1887,957.9605,323.3381,,
labeled-data,video2,455.jpg,,,804.33,393.0698,869.3179,568.3613,,,1103.9899,336.2209,1101.2368,501.2055,995.0343,518.1427,957.932,323.3014,918.0776,223.0235
labeled-data,video2,456.jpg,,,804.3368,393.0607,869.3858,568.3682,,,1103.9917,336.2115,1101.2303,501.2052,995.1105,518.1099,957.9121,323.2831,,
labeled-data,video2,457.jpg,,,804.3387,393.0642,869.4569,568.3587,,,1104.0133,336.204,1101.2398,501.2046,995.1913,518.068,957.8822,323.2537,,
labeled-data,video2,458.jpg,,,804.3342,393.0614,869.5277,568.3409,,,1104.0244,336.198,1101.2367,501.2031,995.2782,518.0251,957.8654,323.2387,922.083,251.1166
labeled-data,video2,459.jpg,,,804.3325,393.0672,869.5943,568.3427,,,1104.0481,336.1828,1101.2368,501.2024,995.3589,517.9835,957.8347,323.2014,,
labeled-data,video2,460.jpg,,,804.3398,393.0674,869.6667,568.331,,,1104.05,336.1835,1101.2307,501.2094,995.4359,517.9329,957.814,323.1864,,
labeled-data,video2,461.jpg,,,804.3335,393.0642,869.7374,568.3206,,,1104.0738,336.1742,1101.2335,501.2026,995.5278,517.8929,957.791,323.1591,,
labeled-data,video2,462.jpg,,,804.3314,393.0683,869.8097,568.3159,,,1104.0991,336.1601,1101.2348,501.2067,995.6095,517.8503,957.7614,323.132,,
labeled-data,video2,463.jpg,,,804.3342,393.0698,869.875,568.3123,,,1104.1071,336.1535,1101.2377,501.2069,995.6895,517.813,957.7442,323.1088,,
labeled-data,video2,464.jpg,,,804.3308,393.0698,869.944,568.3002,,,1104.1236,336.16,1101.2335,501.2034,995.7634,517.7764,957.7173,323.0838,,
labeled-data,video2,465.jpg,,,804.3393,393.0688,870.018,568.2986,,,1104.1302,336.1492,1101.2369,501.2044,995.8437,517.7308,957.6961,323.0605,,
labeled-data,video2,466.jpg,,,804.3373,393.0612,870.0872,568.2987,,,1104.1537,336.1349,1101.2379,501.2037,995.9244,517.6944,957.6666,323.0318,923.6885,246.2974
labeled-data,video2,467.jpg,,,804.3372,393.0655,870.1564,568.2849,,,1104.1633,336.1249,1101.2341,501.2003,996.0194,517.6597,957.6422,323.0197,913.2512,218.2016
labeled-data,video2,468.jpg,,,804.3319,393.0672,870.2234,568.2754,,,1104.1844,336.1109,1101.2395,501.2086,996.0955,517.6142,957.61,322.983,,
labeled-data,video2,469.jpg,,,804.3342,393.0647,870.2937,568.2703,,,1104.1923,336.1147,1101.2386,501.2048,996.1756,517.5738,957.5975,322.9605,,
labeled-data,video2,470.jpg,,,804.3301,393.0662,870.3632,568.2699,,,1104.2153,336.1067,1101.2395,501.2051,996.2528,517.5337,957.5617,322.9349,,
labeled-data,video2,471.jpg,,,804.3302,393.0697,870.4353,568.2555,,,1104.2328,336.0914,1101.2318,501.2067,996.3325,517.4988,957.5402,322.9187,,
labeled-data,video2,472.jpg,,,804.3332,393.0636,870.5081,568.2426,,,1104.2406,336.0891,1101.2311,501.2057,996.4107,517.4417,957.5154,322.8891,,
labeled-data,video2,473.jpg,,,804.3309,393.0649,870.5722,568.2498,,,1104.2673,336.0718,1101.237,501.2042,996.4935,517.4042,957.4951,322.8693,,
labeled-data,video2,474.jpg,,,804.3304,393.0632,870.6474,568.237,,,1104.2789,336.071,1101.2362,501.2036,996.583,517.3685,957.4756,322.8326,913.2525,223.0222
labeled-data,video2,475.jpg,,,804.3304,393.0686,870.7143,568.2279,,,1104.2964,336.0667,1101.2396,501.2002,996.6699,517.3235,957.4494,322.8102,,
labeled-data,video2,476.jpg,,,804.336,393.069,870.7871,568.2277,,,1104.3084,336.0545,1101.2382,501.204,996.7496,517.2806,957.4221,322.7878,,
labeled-data,video2,477.jpg,,,804.3378,393.0664,870.856,568.2199,,,1104.3237,336.0492,1101.233,501.2077,996.8256,517.2431,957.3996,322.761,,
labeled-data,video2,478.jpg,,,804.3324,393.069,870.9266,568.2066,,,1104.3315,336.0425,1101.236,501.2011,996.9015,517.2072,957.3753,322.7495,,
labeled-data,video2,479.jpg,,,804.3326,393.0619,870.9906,568.2037,,,1104.3595,336.0342,1101.2317,501.2044,996.9871,517.1655,957.342,322.7182,,
labeled-data,video2,480.jpg,,,804.336,393.0697,871.0648,568.1916,,,1104.3715,336.0294,1101.2317,501.2037,997.0706,517.1251,957.3293,322.6991,918.0779,231.0418
labeled-data,video2,481.jpg,,,804.3396,393.0608,871.136,568.1845,,,1104.3807,336.0177,1101.2396,501.21,997.1545,517.0853,957.2903,322.6677,914.8605,224.6236
labeled-data,video2,482.jpg,,,804.3346,393.0666,871.2006,568.1834,,,1104.4049,336.0,1101.2314,501.2035,997.2383,517.0487,957.2741,322.6425,,
labeled-data,video2,483.jpg,,,804.3374,393.0684,871.2771,568.1706,,,1104.4104,336.0,1101.2364,501.2043,997.3183,517.0,957.2471,322.6185,,
labeled-data,video2,484.jpg,,,804.3391,393.0624,871.349,568.1604,,,1104.4361,335.9988,1101.2325,501.2079,997.3904,516.9526,957.2285,322.5936,,
labeled-data,video2,485.jpg,,,804.338,393.0698,871.4111,568.1516,,,1104.4452,335.9823,1101.232,501.2022,997.4708,516.9156,957.2036,322.5625,,
labeled-data,video2,486.jpg,,,804.3318,393.0624,871.4843,568.1518,,,1104.4642,335.9773,1101.2333,501.2088,997.5685,516.8746,957.1704,322.5468,,
labeled-data,video2,487.jpg,,,804.3388,393.0612,871.5535,568.1465,,,1104.4724,335.9749,1101.2374,501.2072,997.6493,516.8364,957.1596,322.5111,,
labeled-data,video2,488.jpg,,,804.3373,393.0639,871.624,568.1397,,,1104.494,335.966,1101.2305,501.2054,997.7205,516.7906,957.1267,322.4943,914.8606,227.8314
labeled-data,video2,489.jpg,,,804.3354,393.0604,871.6946,568.1324,,,1104.5173,335.9557,1101.2321,501.2056,997.806,516.7582,957.1061,322.4783,,
labeled-data,video2,490.jpg,,,804.3311,393.0624,871.755,568.1284,,,1104.522,335.9487,1101.2325,501.2047,997.8839,516.7146,957.0765,322.4476,,
labeled-data,video2,491.jpg,,,804.3349,393.0627,871.8214,568.113,,,1104.5419,335.937,1101.2349,501.2073,997.9696,516.6706,957.0595,322.4231,,
labeled-data,video2,492.jpg,,,804.3328,393.0662,871.8994,568.1186,,,1104.5508,335.9332,1101.2358,501.2032,998.0585,516.6337,957.0227,322.394,,
labeled-data,video2,493.jpg,,,804.3314,393.065,871.967,568.1021,,,1104.5784,335.9282,1101.2389,501.2003,998.1373,516.5945,957.0,322.3743,,
labeled-data,video2,494.jpg,,,804.3363,393.0697,872.0356,568.0939,,,1104.5808,335.9155,1101.2385,501.2072,998.2164,516.5549,956.9729,322.3495,,
labeled-data,video2,495.jpg,,,804.3331,393.0687,872.1013,568.0869,,,1104.6021,335.9001,1101.2351,501.2073,998.2961,516.5151,956.9556,322.3263,914.8656,234.2551
labeled-data,video2,496.jpg,,,804.3353,393.0605,872.1738,568.0828,,,1104.6156,335.9074,1101.2336,501.2002,998.3766,516.4788,956.9252,322.2941,,
labeled-data,video2,497.jpg,,,804.3347,393.0693,872.2423,568.0769,,,1104.6305,335.8996,1101.2301,501.2044,998.4573,516.4224,956.9025,322.2779,,
labeled-data,video2,498.jpg,,,804.336,393.0696,872.3161,568.0672,,,1104.6597,335.8848,1101.2373,501.2052,998.5474,516.384,956.8833,322.2478,,
labeled-data,video2,499.jpg,,,804.332,393.0671,872.3819,568.0613,,,1104.6623,335.8729,1101.2347,501.201,998.6275,516.3431,956.8591,322.2245,,
labeled-data,video2,500.jpg,,,804.3317,393.0633,872.4578,568.0563,,,1104.6815,335.8651,1101.2324,501.2054,998.7034,516.3038,956.8375,322.1926,,
labeled-data,video2,501.jpg,,,804.3391,393.0699,872.5248,568.0417,,,1104.6968,335.868,1101.2304,501.2093,998.7874,516.2606,956.8084,322.1718,,
labeled-data,video2,502.jpg,,,804.3308,393.0649,872.5928,568.0492,,,1104.7138,335.8555,1101.2383,501.2098,998.8657,516.229,956.7877,322.1527,920.4818,245.4908
labeled-data,video2,503.jpg,,,804.3336,393.0619,872.6631,568.035,,,1104.7263,335.8457,1101.2319,501.2012,998.9431,516.1846,956.752,322.1239,,
labeled-data,video2,504.jpg,,,804.3382,393.0691,872.7373,568.0261,,,1104.7437,335.831,1101.2317,501.2099,999.0294,516.1404,956.7362,322.1092,,
labeled-data,video2,505.jpg,,,804.3395,393.0606,872.8046,568.0136,,,1104.7651,335.8334,1101.2317,501.2029,999.1155,516.1034,956.702,322.0752,,
labeled-data,video2,506.jpg,,,804.3374,393.0654,872.8706,568.014,,,1104.7799,335.8284,1101.2303,501.2062,999.1935,516.0617,956.6862,322.0563,,
labeled-data,video2,507.jpg,,,804.3311,393.0622,872.9415,568.0,,,1104.7979,335.8199,1101.2355,501.2084,999.2727,516.0231,956.653,322.0279,,
labeled-data,video2,508.jpg,,,804.332,393.0671,873.0167,567.9924,,,1104.8006,335.8068,1101.2392,501.2069,999.3518,515.9897,956.6345,322.0,,
labeled-data,video2,509.jpg,,,804.3375,393.0667,873.0829,567.9938,,,1104.826,335.7913,1101.239,501.2084,999.4309,515.9355,956.6106,321.9741,,
labeled-data,video2,510.jpg,,,804.3338,393.0623,873.1511,567.9875,,,1104.8352,335.7921,1101.2335,501.2046,999.5134,515.8998,956.587,321.9589,,
labeled-data,video2,511.jpg,,,804.3326,393.0665,873.2242,567.9741,,,1104.8564,335.79,1101.2372,501.2071,999.6014,515.8565,956.5685,321.9229,,
labeled-data,video2,512.jpg,,,804.336,393.0657,873.2982,567.9761,,,1104.863,335.7726,1101.2392,501.2034,999.6873,515.814,956.5326,321.9027,,
labeled-data,video2,513.jpg,,,804.3381,393.0629,873.3688,567.9654,,,1104.8826,335.7672,1101.2358,501.2032,999.7617,515.7788,956.5138,321.8857,,
labeled-data,video2,514.jpg,,,804.3369,393.066,873.4313,567.9546,,,1104.9017,335.7665,1101.2331,501.2026,999.8469,515.7395,956.4855,321.8522,,
labeled-data,video2,515.jpg,,,804.3364,393.0631,873.5028,567.9407,,,1104.9117,335.7569,1101.2392,501.2036,999.9281,515.6972,956.4688,321.8315,918.8772,235.8658
labeled-data,video2,516.jpg,,,804.3397,393.0695,873.575,567.9409,,,1104.9342,335.7494,1101.2363,501.204,1000.0,515.6588,956.4329,321.8093,,
labeled-data,video2,517.jpg,,,804.3327,393.0647,873.6464,567.9324,,,1104.9409,335.739,1101.2391,501.205,1000.0948,515.6126,956.418,321.7847,,
labeled-data,video2,518.jpg,,,804.3342,393.066,873.7181,567.9297,,,1104.968,335.7245,1101.237,501.2075,1000.1757,515.5784,956.3845,321.7541,,
labeled-data,video2,519.jpg,,,804.3364,393.0602,873.7849,567.9242,,,1104.9764,335.729,1101.2372,501.2042,1000.2594,515.5307,956.3616,321.7347,,
labeled-data,video2,520.jpg,,,804.3369,393.0637,873.8535,567.9179,,,1104.9923,335.718,1101.2352,501.2049,1000.3339,515.4924,956.3325,321.7051,,
labeled-data,video2,521.jpg,,,804.3331,393.0637,873.9255,567.9095,,,1105.0,335.7092,1101.2348,501.201,1000.4104,515.4493,956.3111,321.6894,918.8733,235.8617
labeled-data,video2,522.jpg,,,804.3312,393.0616,873.9959,567.9029,,,1105.022,335.6975,1101.2387,501.2016,1000.4995,515.4085,956.2911,321.6565,909.2415,219.0154
labeled-data,video2,523.jpg,,,804.3301,393.0697,874.0609,567.8978,,,1105.0416,335.6938,1101.2304,501.2061,1000.584,515.367,956.2643,321.6344,,
labeled-data,video2,524.jpg,,,804.3359,393.0663,874.1376,567.8899,,,1105.052,335.6867,1101.2399,501.2088,1000.6626,515.3236,956.2405,321.6124,,
labeled-data,video2,525.jpg,,,804.3388,393.0648,874.201,567.8746,,,1105.0738,335.6716,1101.2312,501.21,1000.7444,515.2835,956.217,321.5804,,
labeled-data,video2,526.jpg,,,804.3364,393.0664,874.2797,567.8726,,,1105.0893,335.6614,1101.2337,501.2076,1000.8206,515.244,956.1934,321.5648,,
labeled-data,video2,527.jpg,,,804.3399,393.0695,874.3484,567.8634,,,1105.1059,335.6595,1101.232,501.203,1000.9076,515.2012,956.163,321.5331,,
labeled-data,video2,528.jpg,,,804.3398,393.0662,874.4194,567.8566,,,1105.1173,335.6575,1101.2354,501.2076,1000.9882,515.1694,956.1456,321.519,,
labeled-data,video2,529.jpg,,,804.3376,393.0664,874.4828,567.8561,,,1105.1377,335.6415,1101.2382,501.2096,1001.0727,515.13,956.1119,321.483,,
labeled-data,video2,530.jpg,,,804.3321,393.0606,874.5512,567.8475,,,1105.1483,335.6364,1101.2302,501.2041,1001.1589,515.086,956.0987,321.4623,912.4546,221.416
labeled-data,video2,531.jpg,,,804.3359,393.0677,874.6297,567.8336,,,1105.1618,335.6287,1101.2305,501.2092,1001.2395,515.0401,956.0611,321.4352,,
labeled-data,video2,532.jpg,,,804.3308,393.0648,874.6971,567.837,,,1105.1808,335.6188,1101.2391,501.2098,1001.3154,515.0,956.0465,321.4176,,
labeled-data,video2,533.jpg,,,804.3398,393.0625,874.7651,567.8225,,,1105.1989,335.6161,1101.2377,501.2016,1001.3974,514.9635,956.0209,321.3894,,
labeled-data,video2,534.jpg,,,804.3318,393.0632,874.8365,567.8198,,,1105.219,335.6073,1101.2311,501.2073,1001.4736,514.9117,955.9964,321.3615,,
labeled-data,video2,535.jpg,,,804.3338,393.0699,874.9027,567.8003,,,1105.2216,335.5939,1101.2315,501.2013,1001.5582,514.8728,955.9748,321.3337,,
labeled-data,video2,536.jpg,,,804.3397,393.0673,874.966,567.8072,,,1105.2466,335.5821,1101.2372,501.2033,1001.6488,514.8346,955.942,321.3114,,
labeled-data,video2,537.jpg,,,804.3345,393.0656,875.0355,567.7916,,,1105.2591,335.583,1101.2304,501.203,1001.7268,514.7978,955.9209,321.2917,,
labeled-data,video2,538.jpg,,,804.333,393.0608,875.1012,567.7842,,,1105.2783,335.577,1101.2376,501.2046,1001.8098,514.7534,955.8929,321.2625,,
labeled-data,video2,539.jpg,,,804.3345,393.0635,875.1733,567.7845,,,1105.2848,335.5654,1101.2372,501.2087,1001.8892,514.7155,955.8774,321.2447,912.4525,221.4162
labeled-data,video2,540.jpg,,,804.3305,393.0673,875.2479,567.7707,,,1105.302,335.5545,1101.2384,501.2045,1001.9658,514.6757,955.8488,321.2187,,
labeled-data,video2,541.jpg,,,804.3331,393.0635,875.3197,567.7677,,,1105.3285,335.5496,1101.2369,501.2003,1002.0421,514.6334,955.8251,321.1983,,
labeled-data,video2,542.jpg,,,804.3323,393.063,875.389,567.7695,,,1105.3347,335.5448,1101.2308,501.2078,1002.1396,514.5947,955.7933,321.167,,
labeled-data,video2,543.jpg,,,804.332,393.0637,875.4528,567.7507,,,1105.3513,335.5346,1101.2382,501.2076,1002.2166,514.5551,955.776,321.1424,,
labeled-data,video2,544.jpg,,,804.3349,393.0627,875.5208,567.7448,,,1105.3693,335.5225,1101.2363,501.2016,1002.2945,514.5194,955.7431,321.1112,,
labeled-data,video2,545.jpg,,,804.331,393.0695,875.5944,567.7483,,,1105.3874,335.518,1101.2384,501.2017,1002.3769,514.4762,955.7239,321.0944,,
labeled-data,video2,546.jpg,,,804.3317,393.0696,875.6696,567.7309,,,1105.3943,335.5169,1101.2395,501.2075,1002.4575,514.4254,955.7037,321.0681,,
labeled-data,video2,547.jpg,,,804.3345,393.0676,875.7338,567.7259,,,1105.4184,335.5098,1101.238,501.202,1002.5341,514.3851,955.6708,321.0432,,
labeled-data,video2,548.jpg,,,804.3359,393.0622,875.8004,567.7115,,,1105.4207,335.4948,1101.2362,501.2029,1002.6268,514.3485,955.6585,321.027,,
labeled-data,video2,549.jpg,,,804.3395,393.0695,875.8784,567.7157,,,1105.4471,335.4817,1101.2303,501.2062,1002.7082,514.3079,955.6213,320.9919,,
labeled-data,video2,550.jpg,,,804.3325,393.0688,875.9842,567.6011,,,1105.448,335.4811,1101.2329,501.2079,1002.7838,514.2664,955.6097,320.9768,,
labeled-data,video2,551.jpg,,,804.336,393.0617,876.0951,567.4981,,,1105.4457,335.4851,1101.2391,501.2048,1002.8667,514.2225,955.5787,320.9471,912.4592,221.4141
labeled-data,video2,552.jpg,,,804.334,393.0653,876.2017,567.3889,,,1105.441,335.4852,1101.2321,501.2009,1002.9401,514.1849,955.55,320.9257,,
labeled-data,video2,553.jpg,,,804.3349,393.0676,876.3191,567.2706,,,1105.445,335.482,1101.2327,501.209,1002.9407,514.1859,955.56,320.9231,,
labeled-data,video2,554.jpg,,,804.3303,393.0609,876.4167,567.1672,,,1105.4439,335.4806,1101.2333,501.2014,1002.9449,514.1826,955.5552,320.9294,,
labeled-data,video2,555.jpg,,,804.3346,393.0616,876.5218,567.061,,,1105.4425,335.4888,1101.233,501.2006,1002.9451,514.1822,955.5596,320.9217,,
labeled-data,video2,556.jpg,,,804.3343,393.069,876.6337,566.9521,,,1105.4461,335.483,1101.2326,501.2046,1002.9466,514.1828,955.5566,320.9257,,
labeled-data,video2,557.jpg,,,804.3333,393.0695,876.742,566.8444,,,1105.4468,335.4837,1101.2381,501.2048,1002.9435,514.1856,955.5508,320.9248,,
labeled-data,video2,558.jpg,,,804.3391,393.0642,876.8557,566.7354,,,1105.4464,335.4843,1101.2367,501.2047,1002.9478,514.1814,955.5524,320.928,,
labeled-data,video2,559.jpg,,,804.3335,393.0691,876.9649,566.6261,,,1105.4432,335.4833,1101.2381,501.2021,1002.9404,514.1843,955.5531,320.9253,,
labeled-data,video2,560.jpg,,,804.3309,393.0639,877.0725,566.511,,,1105.4406,335.4869,1101.2383,501.2004,1002.9456,514.1895,955.5505,320.9225,916.4634,230.2454
labeled-data,video2,561.jpg,,,804.3343,393.0667,877.176,566.4147,,,1105.4478,335.4802,1101.2317,501.202,1002.9471,514.1825,955.5532,320.9228,918.0773,239.8713
labeled-data,video2,562.jpg,,,804.3361,393.0608,877.2804,566.306,,,1105.4451,335.4881,1101.2374,501.2038,1002.942,514.1868,955.5528,320.9208,,
labeled-data,video2,563.jpg,,,804.3325,393.0642,877.3991,566.1986,,,1105.4466,335.4859,1101.2395,501.2043,1002.9407,514.1811,955.5542,320.9276,,
labeled-data,video2,564.jpg,,,804.3392,393.0638,877.5052,566.0836,,,1105.4425,335.4803,1101.2363,501.2005,1002.9451,514.1843,955.5561,320.9275,,
labeled-data,video2,565.jpg,,,804.3374,393.0634,877.6134,565.9742,,,1105.4482,335.489,1101.2356,501.207,1002.9438,514.1843,955.5547,320.9278,,
labeled-data,video2,566.jpg,,,804.3304,393.0691,877.7214,565.8668,,,1105.4484,335.4881,1101.2376,501.2056,1002.9412,514.1855,955.5521,320.9216,914.0561,222.2248
labeled-data,video2,567.jpg,,,804.336,393.068,877.822,565.7551,,,1105.4448,335.4829,1101.2396,501.2014,1002.9475,514.1828,955.5583,320.9295,,
labeled-data,video2,568.jpg,,,804.3349,393.0661,877.9326,565.6558,,,1105.4426,335.4823,1101.2313,501.2017,1002.9454,514.1849,955.5524,320.921,,
labeled-data,video2,569.jpg,,,804.3302,393.0659,878.0411,565.54,,,1105.4467,335.4895,1101.2317,501.2078,1002.9468,514.1829,955.5528,320.9235,,
labeled-data,video2,570.jpg,,,804.3375,393.0682,878.1587,565.437,,,1105.4429,335.4849,1101.2399,501.2016,1002.9418,514.1803,955.5528,320.9226,919.6701,243.0835
labeled-data,video2,571.jpg,,,804.331,393.0625,878.2614,565.3211,,,1105.4428,335.4884,1101.2392,501.2037,1002.9478,514.1835,955.5532,320.9241,910.0445,214.9943
labeled-data,video2,572.jpg,,,804.3315,393.0689,878.3739,565.2119,,,1105.4498,335.4863,1101.2394,501.2047,1002.9488,514.1836,955.5508,320.9267,,
labeled-data,video2,573.jpg,,,804.3331,393.0683,878.4845,565.1052,,,1105.4415,335.4823,1101.2398,501.2049,1002.9484,514.1848,955.5545,320.9278,,
labeled-data,video2,574.jpg,,,804.3323,393.0609,878.5846,565.0,,,1105.4404,335.487,1101.2396,501.2006,1002.9435,514.1859,955.5521,320.9267,,
labeled-data,video2,575.jpg,,,804.3351,393.0638,878.697,564.8983,,,1105.4424,335.4869,1101.237,501.2079,1002.9409,514.1825,955.5578,320.9269,,
labeled-data,video2,576.jpg,,,804.3332,393.065,878.8079,564.7856,,,1105.4439,335.4843,1101.2333,501.2095,1002.9494,514.1833,955.5583,320.927,917.2728,226.2336
labeled-data,video2,577.jpg,,,804.3387,393.0696,878.9165,564.6708,,,1105.4464,335.4893,1101.2391,501.2034,1002.941,514.1831,955.5505,320.9275,,
labeled-data,video2,578.jpg,,,804.3333,393.0617,879.0244,564.5629,,,1105.4432,335.4813,1101.2308,501.2005,1002.9462,514.1871,955.5598,320.9268,,
labeled-data,video2,579.jpg,,,804.336,393.0674,879.1378,564.4538,,,1105.446,335.4855,1101.2379,501.2041,1002.9451,514.1835,955.5582,320.9245,,
labeled-data,video2,580.jpg,,,804.3372,393.063,879.2388,564.351,,,1105.4465,335.4818,1101.2337,501.2048,1002.9431,514.1821,955.5516,320.9297,,
labeled-data,video2,581.jpg,,,804.3354,393.0617,879.3436,564.2448,,,1105.4433,335.4896,1101.2388,501.2008,1002.9498,514.1862,955.5506,320.9266,,
labeled-data,video2,582.jpg,,,804.3351,393.0636,879.4585,564.1397,,,1105.4413,335.4886,1101.2324,501.2008,1002.9439,514.1854,955.5529,320.9282,,
labeled-data,video2,583.jpg,,,804.3307,393.0645,879.5633,564.0278,,,1105.4416,335.4858,1101.2312,501.2084,1002.9419,514.1839,955.5554,320.9258,,
labeled-data,video2,584.jpg,,,804.335,393.0636,879.673,563.9103,,,1105.444,335.4869,1101.2399,501.2029,1002.9426,514.1833,955.5578,320.9218,919.6784,240.6754
labeled-data,video2,585.jpg,,,804.3319,393.0684,879.7826,563.8091,,,1105.4422,335.4855,1101.2336,501.2083,1002.9425,514.1855,955.551,320.9271,910.0471,223.8287
labeled-data,video2,586.jpg,,,804.3363,393.0674,879.8953,563.6975,,,1105.4428,335.4881,1101.2344,501.2079,1002.9442,514.1895,955.5511,320.9227,,
labeled-data,video2,587.jpg,,,804.3333,393.0678,879.899,563.6913,,,1105.4476,335.4824,1101.2368,501.2095,1002.9404,514.1867,955.5508,320.9285,,
labeled-data,video2,588.jpg,,,804.3343,393.0602,879.899,563.6995,,,1105.4479,335.4804,1101.2337,501.2036,1002.9495,514.1824,955.5531,320.9205,,
labeled-data,video2,589.jpg,,,804.3356,393.0603,879.8963,563.6941,,,1105.447,335.4855,1101.2389,501.2074,1002.9456,514.1821,955.5555,320.92,,
labeled-data,video2,590.jpg,,,804.34,393.0603,879.8942,563.6949,,,1105.4405,335.4804,1101.2345,501.201,1002.9431,514.1898,955.5514,320.9201,910.0445,223.8296
labeled-data,video2,591.jpg,,,804.3332,393.0675,879.8906,563.698,,,1105.4448,335.4851,1101.2309,501.2061,1002.9466,514.1878,955.5582,320.9276,,
labeled-data,video2,592.jpg,,,804.3356,393.062,879.8904,563.6939,,,1105.4422,335.4864,1101.2357,501.2056,1002.9496,514.186,955.5534,320.9227,,
labeled-data,video2,593.jpg,,,804.3308,393.068,879.896,563.6954,,,1105.4443,335.4857,1101.237,501.2051,1002.9416,514.1856,955.5557,320.9229,,
labeled-data,video2,594.jpg,,,804.3343,393.065,879.8941,563.697,,,1105.4478,335.4849,1101.2329,501.2084,1002.9474,514.1828,955.5589,320.9206,,
labeled-data,video2,595.jpg,,,804.3399,393.0699,879.8912,563.6973,,,1105.4463,335.482,1101.2363,501.2021,1002.9436,514.1827,955.5566,320.9288,,
labeled-data,video2,596.jpg,,,804.3353,393.0609,879.8935,563.6984,,,1105.4424,335.4816,1101.2345,501.209,1002.9406,514.189,955.5551,320.9231,,
labeled-data,video2,597.jpg,,,804.3304,393.0688,879.8992,563.6909,,,1105.443,335.4843,1101.2319,501.2062,1002.9422,514.1824,955.5531,320.9211,910.0405,223.8246
labeled-data,video2,598.jpg,,,804.3357,393.0669,879.8972,563.6932,,,1105.4422,335.4898,1101.2325,501.2063,1002.9453,514.1847,955.552,320.9211,,
labeled-data,video2,599.jpg,,,804.3363,393.066,879.8957,563.6961,,,1105.4417,335.481,1101.2331,501.2025,1002.9472,514.182,955.5549,320.9266,,
labeled-data,video2,600.jpg,,,804.3375,393.0652,879.899,563.6999,,,1105.4456,335.483,1101.2304,501.2006,1002.9417,514.1838,955.5535,320.925,,
